Peptide,Sequence,Residue,Position,HLA-A*02:01 2ME,HLA-A*02:01,HLA-B*07:02,HLA-B*07:02 2ME,HLA-A*11:01 2ME,HLA-A*24:02,HLA-A*11:01,HLA-A*24:02 2ME,HLA-B*44:02,HLA-B*44:02 2ME,HLA-B*15:01 2ME,HLA-A*26:01 2ME,HLA-B*15:01,HLA-A*26:01
3954.0002,CXXXXXXXX,C,1,7289,3506,46049,50744,11259,30331,11116,17361,12063,9094,4985,21013,5907,74171
3954.0021,XAXXXXXXX,A,2,10065,13156,8834,16588,,<77586.206897,2019,,57635,,,,1153,9317
3954.0022,XCXXXXXXX,C,2,7760,22114,<77464.788732,19074,4239,<77586.206897,45287,54348,23283,7524,1804,2013,33859,54446
3954.0023,XDXXXXXXX,D,2,<78125,63528,<77464.788732,<78125,,<77586.206897,<77922.077922,,37818,,,,61611,<77941.176471
3954.0024,XEXXXXXXX,E,2,<78125,78125,<77464.788732,<78125,,<77586.206897,<77922.077922,,574,,,,10006,<77941.176471
3954.0025,XFXXXXXXX,F,2,39861,45800,<77464.788732,67623,,16831,29524,,24767,,,,4150,<77941.176471
3954.0026,XGXXXXXXX,G,2,40578,20381,<77464.788732,<78125,,44867,4658,,<77966.101695,,,,2792,38359
3954.0027,XHXXXXXXX,H,2,<78125,42112,<77464.788732,<78125,,<77586.206897,<77922.077922,,68165,,,,14390,<77941.176471
3954.0028,XIXXXXXXX,I,2,4616,18349,14154,15013,,<77586.206897,1583,,52570,,,,1990,13435
3954.0029,XKXXXXXXX,K,2,<78125,<78125,71435,<78125,,<77586.206897,<77922.077922,,<77966.101695,,,,21092,<77941.176471
3954.0030,XLXXXXXXX,L,2,631,362,20044,27706,,47649,1919,,35166,,,,161,8532
3954.0031,XMXXXXXXX,M,2,554,389,40100,63759,,20595,1167,,21992,,,,214,36252
3954.0032,XNXXXXXXX,N,2,34776,38178,23366,45156,,<77586.206897,16843,,<77966.101695,,,,6000,<77941.176471
3954.0033,XPXXXXXXX,P,2,50201,<78125,1870,1529,,<77586.206897,<77922.077922,,<77966.101695,,,,41494,<77941.176471
3954.0034,XQXXXXXXX,Q,2,7484,5513,40782,<78125,,43051,2100,,6911,,,,343,19346
3954.0035,XRXXXXXXX,R,2,55569,42452,41725,26533,,<77586.206897,39827,,40876,,,,13050,<77941.176471
3954.0036,XSXXXXXXX,S,2,26741,23586,54536,<78125,,65279,1206,,44952,,,,1413,11876
3954.0037,XTXXXXXXX,T,2,11339,13442,51619,53100,,<77586.206897,798,,<77966.101695,,,,5179,2123
3954.0038,XVXXXXXXX,V,2,7530,8741,17500,17935,,<77586.206897,1149,,20614,,,,1753,2786
3954.0039,XWXXXXXXX,W,2,48798,70211,<77464.788732,52355,,26999,54568,,50233,,,,38618,48191
3954.0040,XYXXXXXXX,Y,2,52254,<78125,<77464.788732,48473,,1190,33297,,36503,,,,14346,56243
3954.0042,XXCXXXXXX,C,3,4143,15631,31274,2355,9670,73173,39871,11682,8603,6549,5083,6627,24510,58665
3954.0062,XXXCXXXXX,C,4,10784,8881,16516,12336,12631,44126,14173,33557,9265,6688,6883,12881,3478,42119
3954.0082,XXXXCXXXX,C,5,7265,6103,24652,23485,10680,39189,14019,21645,10869,5405,5822,10921,4734,17890
3954.0102,XXXXXCXXX,C,6,5357,13013,22502,14410,7773,18125,17257,25381,4227,3667,2129,2098,3982,9062
3954.0122,XXXXXXCXX,C,7,10691,13812,37743,9090,13136,64194,56114,49020,11002,7410,9847,11962,9952,63216
3954.0142,XXXXXXXCX,C,8,8482,6203,44666,11299,48473,70321,48068,48544,8376,8478,11624,23859,15113,50271
3954.0161,XXXXXXXXA,A,9,7223,2855,22729,23696,,<77586.206897,10587,,17928,,,,3964,37645
3954.0162,XXXXXXXXC,C,9,6558,17197,49940,11159,<78125,<77586.206897,51628,<78125,9508,8516,18058,51820,19964,55480
3954.0163,XXXXXXXXD,D,9,12136,16728,<77464.788732,<78125,,<77586.206897,<77922.077922,,40442,,,,23336,<77941.176471
3954.0164,XXXXXXXXE,E,9,16946,12472,<77464.788732,22076,,<77586.206897,<77922.077922,,57591,,,,25579,<77941.176471
3954.0165,XXXXXXXXF,F,9,6321,8625,10380,10158,,2874,61263,,3862,,,,1080,22503
3954.0166,XXXXXXXXG,G,9,10217,17981,59502,45372,,<77586.206897,<77922.077922,,36309,,,,9740,<77941.176471
3954.0167,XXXXXXXXH,H,9,35950,38391,<77464.788732,<78125,,<77586.206897,28926,,59724,,,,17153,<77941.176471
3954.0168,XXXXXXXXI,I,9,1869,1717,12264,10661,,13577,66940,,9643,,,,28940,<77941.176471
3954.0169,XXXXXXXXK,K,9,16898,11850,59775,62142,,<77586.206897,781,,40564,,,,9391,<77941.176471
3954.0170,XXXXXXXXL,L,9,1315,1476,5406,7711,,14813,13943,,14006,,,,2362,47885
3954.0171,XXXXXXXXM,M,9,2861,3065,6211,7889,,38148,52182,,13070,,,,1843,20336
3954.0172,XXXXXXXXN,N,9,17283,10993,36667,53113,,73770,63081,,43344,,,,16697,<77941.176471
3954.0173,XXXXXXXXP,P,9,12599,12438,43089,40186,,<77586.206897,<77922.077922,,55049,,,,22322,46565
3954.0174,XXXXXXXXQ,Q,9,13602,10460,68570,40900,,<77586.206897,42435,,15442,,,,16644,34854
3954.0175,XXXXXXXXR,R,9,18637,14130,30149,19144,,<77586.206897,5912,,37290,,,,26356,<77941.176471
3954.0176,XXXXXXXXS,S,9,14309,14457,53764,54563,,<77586.206897,<77922.077922,,52962,,,,20409,<77941.176471
3954.0177,XXXXXXXXT,T,9,9322,13413,<77464.788732,<78125,,<77586.206897,<77922.077922,,<77966.101695,,,,36314,<77941.176471
3954.0178,XXXXXXXXV,V,9,1493,1352,26069,26975,,<77586.206897,<77922.077922,,24885,,,,46087,<77941.176471
3954.0179,XXXXXXXXW,W,9,12897,16664,34810,17405,,10788,<77922.077922,,2153,,,,12082,<77941.176471
3954.0180,XXXXXXXXY,Y,9,14543,14286,61187,62981,,<77586.206897,7524,,5989,,,,888,10518
3954.0183,XBXXXXXXX,B,2,6370,9885,18540,14271,,<77586.206897,1896,,20594,,,,1861,1205
3954.0190,XXXXXXXXB,B,9,1914,2433,10940,14270,,<77586.206897,27404,,31461,,,,5828,6169