Panel;Node;Case;MXX (kipft/ft);MYY (kipft/ft);MXY (kipft/ft);NXX (kip/ft);NYY (kip/ft);NXY (kip/ft);QXX (kip/ft);QYY (kip/ft)
 9; 1; 201 (C);-0.42;14.28;1.62;5.57;23.76;-7.33;0.20;-6.83
 9; 1; 202 (C);-1.82;16.62;2.54;7.60;25.69;-12.81;0.37;-7.82
 9; 1; 203 (C);-1.30;15.25;2.15;6.71;23.96;-10.73;0.27;-7.15
 9; 5; 201 (C);37.04;-40.36;33.87;2.03;-485.34;221.87;-66.49;49.06
 9; 5; 202 (C);49.89;-72.65;58.95;9.07;-849.29;388.77;-110.17;85.03
 9; 5; 203 (C);45.45;-60.69;49.66;6.48;-714.65;327.04;-94.04;71.69
 9; 31; 201 (C);36.97;-39.82;-33.43;1.73;-479.13;-219.02;65.73;48.39
 9; 31; 202 (C);48.34;-69.83;-56.64;8.11;-816.61;-373.76;106.02;81.64
 9; 31; 203 (C);44.36;-58.62;-47.96;5.75;-690.51;-315.96;90.99;69.18
 9; 1325; 201 (C);-0.37;14.21;-1.68;5.02;22.90;7.35;-0.29;-6.81
 9; 1325; 202 (C);-1.67;16.56;-2.65;6.54;23.02;12.73;-0.57;-7.80
 9; 1325; 203 (C);-1.19;15.19;-2.25;5.83;21.89;10.68;-0.43;-7.12
 9; 1328; 201 (C);0.99;16.15;2.02;0.09;-3.07;-11.83;0.90;-6.64
 9; 1328; 202 (C);0.46;20.24;3.24;-0.34;-9.78;-20.71;1.59;-8.77
 9; 1328; 203 (C);0.64;18.26;2.72;-0.21;-7.56;-17.40;1.27;-7.77
 9; 1329; 201 (C);2.27;19.04;2.80;-2.94;-12.25;-15.73;2.02;-6.86
 9; 1329; 202 (C);2.26;24.35;4.57;-5.51;-22.36;-27.68;3.55;-9.18
 9; 1329; 203 (C);2.21;21.93;3.83;-4.58;-18.65;-23.24;2.88;-8.16
 9; 1330; 201 (C);2.94;21.84;3.02;-5.44;-17.20;-18.69;2.91;-7.12
 9; 1330; 202 (C);3.17;27.96;4.99;-9.79;-28.84;-32.56;5.13;-9.39
 9; 1330; 203 (C);3.02;25.26;4.17;-8.20;-24.41;-27.40;4.18;-8.42
 9; 1331; 201 (C);3.64;24.62;3.01;-8.29;-19.93;-20.47;3.69;-7.35
 9; 1331; 202 (C);4.14;31.24;5.01;-14.66;-32.26;-35.43;6.53;-9.42
 9; 1331; 203 (C);3.88;28.36;4.18;-12.33;-27.50;-29.86;5.33;-8.55
 9; 1332; 201 (C);4.37;27.30;2.93;-11.00;-21.55;-21.09;4.17;-7.60
 9; 1332; 202 (C);5.15;34.26;4.89;-19.33;-34.17;-36.35;7.37;-9.45
 9; 1332; 203 (C);4.78;31.26;4.08;-16.27;-29.25;-30.67;6.03;-8.68
 9; 1333; 201 (C);4.99;29.83;2.79;-13.58;-22.64;-20.78;4.37;-7.83
 9; 1333; 202 (C);5.97;37.00;4.66;-23.77;-35.41;-35.70;7.72;-9.44
 9; 1333; 203 (C);5.52;33.92;3.89;-20.03;-30.40;-30.14;6.33;-8.78
 9; 1334; 201 (C);5.52;32.14;2.60;-15.96;-23.49;-19.75;4.35;-8.03
 9; 1334; 202 (C);6.64;39.44;4.35;-27.86;-36.40;-33.87;7.70;-9.43
 9; 1334; 203 (C);6.14;36.32;3.63;-23.49;-31.32;-28.60;6.31;-8.85
 9; 1335; 201 (C);5.96;34.22;2.38;-18.10;-24.24;-18.22;4.17;-8.20
 9; 1335; 202 (C);7.18;41.61;3.98;-31.55;-37.35;-31.20;7.38;-9.41
 9; 1335; 203 (C);6.64;38.46;3.32;-26.62;-32.18;-26.36;6.05;-8.91
 9; 1336; 201 (C);6.33;36.06;2.13;-19.98;-24.96;-16.35;3.86;-8.34
 9; 1336; 202 (C);7.62;43.52;3.56;-34.80;-38.30;-27.97;6.83;-9.40
 9; 1336; 203 (C);7.05;40.34;2.97;-29.37;-33.04;-23.64;5.61;-8.96
 9; 1337; 201 (C);6.63;37.65;1.85;-21.61;-25.63;-14.25;3.46;-8.46
 9; 1337; 202 (C);7.97;45.16;3.11;-37.60;-39.27;-24.38;6.13;-9.38
 9; 1337; 203 (C);7.38;41.97;2.59;-31.74;-33.89;-20.60;5.03;-9.00
 9; 1338; 201 (C);6.88;39.00;1.57;-22.98;-26.25;-12.02;2.99;-8.56
 9; 1338; 202 (C);8.26;46.55;2.63;-39.95;-40.19;-20.57;5.30;-9.38
 9; 1338; 203 (C);7.65;43.35;2.20;-33.73;-34.70;-17.38;4.35;-9.04
 9; 1339; 201 (C);7.08;40.10;1.27;-24.09;-26.80;-9.70;2.46;-8.64
 9; 1339; 202 (C);8.48;47.70;2.14;-41.87;-41.02;-16.63;4.37;-9.38
 9; 1339; 203 (C);7.86;44.48;1.78;-35.35;-35.43;-14.05;3.59;-9.07
 9; 1340; 201 (C);7.23;40.96;0.96;-24.96;-27.25;-7.33;1.89;-8.70
 9; 1340; 202 (C);8.65;48.59;1.63;-43.35;-41.74;-12.61;3.38;-9.38
 9; 1340; 203 (C);8.02;45.36;1.36;-36.62;-36.05;-10.65;2.78;-9.10
 9; 1341; 201 (C);7.33;41.57;0.64;-25.58;-27.59;-4.94;1.29;-8.74
 9; 1341; 202 (C);8.77;49.25;1.11;-44.43;-42.30;-8.55;2.35;-9.38
 9; 1341; 203 (C);8.14;46.00;0.92;-37.53;-36.53;-7.21;1.92;-9.12
 9; 1342; 201 (C);7.40;41.95;0.32;-25.95;-27.81;-2.53;0.68;-8.77
 9; 1342; 202 (C);8.84;49.66;0.58;-45.10;-42.69;-4.46;1.28;-9.39
 9; 1342; 203 (C);8.21;46.40;0.48;-38.09;-36.86;-3.75;1.04;-9.13
 9; 1343; 201 (C);7.42;42.08;0.00;-26.10;-27.91;-0.11;0.05;-8.78
 9; 1343; 202 (C);8.87;49.83;0.05;-45.36;-42.89;-0.35;0.19;-9.40
 9; 1343; 203 (C);8.24;46.56;0.03;-38.31;-37.03;-0.27;0.15;-9.14
 9; 1344; 201 (C);7.40;41.98;-0.32;-26.00;-27.89;2.31;-0.58;-8.77
 9; 1344; 202 (C);8.86;49.75;-0.49;-45.23;-42.91;3.77;-0.90;-9.40
 9; 1344; 203 (C);8.22;46.47;-0.41;-38.19;-37.04;3.22;-0.75;-9.14
 9; 1345; 201 (C);7.34;41.63;-0.64;-25.67;-27.73;4.73;-1.19;-8.75
 9; 1345; 202 (C);8.80;49.43;-1.02;-44.69;-42.75;7.90;-1.98;-9.41
 9; 1345; 203 (C);8.17;46.14;-0.86;-37.73;-36.88;6.71;-1.64;-9.14
 9; 1346; 201 (C);7.24;41.05;-0.96;-25.09;-27.46;7.15;-1.80;-8.71
 9; 1346; 202 (C);8.70;48.86;-1.55;-43.73;-42.41;12.02;-3.03;-9.42
 9; 1346; 203 (C);8.06;45.57;-1.30;-36.91;-36.57;10.19;-2.51;-9.13
 9; 1347; 201 (C);7.10;40.22;-1.27;-24.27;-27.07;9.54;-2.38;-8.66
 9; 1347; 202 (C);8.55;48.05;-2.07;-42.35;-41.90;16.13;-4.05;-9.43
 9; 1347; 203 (C);7.92;44.75;-1.74;-35.74;-36.11;13.66;-3.34;-9.11
 9; 1348; 201 (C);6.91;39.14;-1.58;-23.19;-26.59;11.88;-2.92;-8.58
 9; 1348; 202 (C);8.35;46.98;-2.58;-40.53;-41.27;20.18;-5.01;-9.44
 9; 1348; 203 (C);7.72;43.68;-2.16;-34.19;-35.53;17.07;-4.13;-9.09
 9; 1349; 201 (C);6.67;37.81;-1.87;-21.85;-26.02;14.15;-3.41;-8.49
 9; 1349; 202 (C);8.09;45.65;-3.07;-38.25;-40.53;24.11;-5.90;-9.46
 9; 1349; 203 (C);7.47;42.35;-2.57;-32.25;-34.87;20.39;-4.86;-9.06
 9; 1350; 201 (C);6.37;36.23;-2.14;-20.24;-25.39;16.28;-3.85;-8.37
 9; 1350; 202 (C);7.77;44.05;-3.54;-35.49;-39.74;27.84;-6.68;-9.48
 9; 1350; 203 (C);7.16;40.76;-2.96;-29.91;-34.15;23.53;-5.49;-9.02
 9; 1351; 201 (C);6.02;34.40;-2.38;-18.37;-24.72;18.19;-4.20;-8.22
 9; 1351; 202 (C);7.36;42.18;-3.96;-32.27;-38.94;31.21;-7.32;-9.50
 9; 1351; 203 (C);6.78;38.90;-3.31;-27.18;-33.41;26.36;-6.02;-8.98
 9; 1352; 201 (C);5.60;32.32;-2.60;-16.23;-24.00;19.76;-4.46;-8.05
 9; 1352; 202 (C);6.86;40.03;-4.33;-28.57;-38.14;34.03;-7.78;-9.52
 9; 1352; 203 (C);6.31;36.77;-3.61;-24.05;-32.65;28.72;-6.39;-8.92
 9; 1353; 201 (C);5.11;30.00;-2.76;-13.83;-23.17;20.83;-4.58;-7.85
 9; 1353; 202 (C);6.24;37.58;-4.62;-24.43;-37.27;35.99;-8.01;-9.53
 9; 1353; 203 (C);5.74;34.36;-3.85;-20.55;-31.82;30.35;-6.57;-8.84
 9; 1354; 201 (C);4.53;27.46;-2.86;-11.22;-22.09;21.18;-4.53;-7.61
 9; 1354; 202 (C);5.48;34.81;-4.79;-19.89;-36.12;36.75;-7.93;-9.54
 9; 1354; 203 (C);5.05;31.68;-3.99;-16.72;-30.74;30.96;-6.50;-8.74
 9; 1355; 201 (C);3.84;24.74;-2.87;-8.42;-20.45;20.58;-4.25;-7.36
 9; 1355; 202 (C);4.53;31.73;-4.80;-15.05;-34.25;35.89;-7.43;-9.51
 9; 1355; 203 (C);4.20;28.72;-4.00;-12.63;-29.01;30.21;-6.10;-8.62
 9; 1356; 201 (C);2.88;21.87;-2.73;-5.49;-17.63;18.74;-3.68;-7.07
 9; 1356; 202 (C);3.13;28.26;-4.55;-10.02;-30.76;32.90;-6.41;-9.39
 9; 1356; 203 (C);2.98;25.47;-3.80;-8.38;-25.86;27.65;-5.26;-8.41
 9; 1357; 201 (C);2.05;19.30;-2.61;-2.93;-12.89;15.77;-2.56;-7.04
 9; 1357; 202 (C);1.94;24.96;-4.29;-5.59;-24.58;27.92;-4.45;-9.54
 9; 1357; 203 (C);1.94;22.42;-3.59;-4.64;-20.35;23.42;-3.64;-8.46
 9; 1358; 201 (C);0.78;16.30;-2.09;-0.15;-3.84;12.02;-1.05;-6.71
 9; 1358; 202 (C);0.11;20.53;-3.40;-0.83;-12.27;21.08;-1.86;-8.86
 9; 1358; 203 (C);0.34;18.50;-2.85;-0.61;-9.48;17.70;-1.50;-7.86
 9; 1359; 201 (C);-3.20;7.62;-0.76;6.83;14.66;6.58;3.06;-5.48
 9; 1359; 202 (C);-5.66;9.12;-1.18;9.66;11.21;13.16;4.03;-6.62
 9; 1359; 203 (C);-4.62;8.35;-0.99;8.43;11.57;10.81;3.57;-5.94
 9; 1360; 201 (C);-5.38;3.89;-0.09;5.56;-1.30;5.52;3.38;-3.20
 9; 1360; 202 (C);-9.80;4.40;-0.29;8.51;-12.28;12.22;4.93;-4.42
 9; 1360; 203 (C);-7.95;4.12;-0.19;7.25;-8.85;9.88;4.23;-3.80
 9; 1361; 201 (C);-5.82;1.48;0.20;3.68;-15.79;5.49;2.67;-1.61
 9; 1361; 202 (C);-11.60;1.09;0.06;6.28;-34.64;12.51;4.36;-2.70
 9; 1361; 203 (C);-9.19;1.21;0.13;5.17;-28.11;10.07;3.60;-2.18
 9; 1362; 201 (C);-5.28;-0.34;0.31;1.83;-30.25;5.59;1.67;-0.63
 9; 1362; 202 (C);-12.08;-1.64;0.17;3.98;-57.64;12.82;3.34;-1.66
 9; 1362; 203 (C);-9.26;-1.15;0.23;3.06;-47.81;10.31;2.60;-1.20
 9; 1363; 201 (C);-4.32;-1.87;0.30;0.15;-45.36;5.83;0.74;-0.19
 9; 1363; 202 (C);-11.99;-4.14;0.12;1.83;-82.30;13.22;2.38;-1.28
 9; 1363; 203 (C);-8.83;-3.25;0.20;1.10;-68.82;10.65;1.66;-0.82
 9; 1364; 201 (C);-3.33;-3.36;0.20;-1.30;-61.93;6.26;0.08;-0.16
 9; 1364; 202 (C);-11.88;-6.75;-0.06;-0.06;-109.93;13.84;1.78;-1.48
 9; 1364; 203 (C);-8.38;-5.43;0.04;-0.61;-92.27;11.19;1.05;-0.94
 9; 1365; 201 (C);-2.55;-5.09;0.02;-2.58;-81.28;7.08;-0.15;-0.44
 9; 1365; 202 (C);-12.14;-9.91;-0.39;-1.75;-142.83;15.03;1.86;-2.13
 9; 1365; 203 (C);-8.25;-8.05;-0.23;-2.14;-120.10;12.24;1.02;-1.47
 9; 1366; 201 (C);-2.13;-7.45;-0.26;-3.87;-106.07;8.76;0.29;-0.90
 9; 1366; 202 (C);-13.02;-14.22;-0.93;-3.48;-185.59;17.66;3.08;-3.04
 9; 1366; 203 (C);-8.64;-11.63;-0.68;-3.70;-156.16;14.49;1.96;-2.22
 9; 1367; 201 (C);-2.05;-11.05;-0.73;-6.01;-142.70;12.49;1.93;-1.06
 9; 1367; 202 (C);-14.50;-20.71;-1.79;-6.65;-249.35;23.77;6.43;-3.36
 9; 1367; 203 (C);-9.54;-17.06;-1.39;-6.47;-209.87;19.70;4.68;-2.50
 9; 1368; 201 (C);-2.28;-19.74;-1.68;-14.15;-213.88;23.05;5.72;0.41
 9; 1368; 202 (C);-16.55;-36.03;-3.53;-20.17;-373.80;41.74;13.69;-0.66
 9; 1368; 203 (C);-10.92;-29.93;-2.85;-18.00;-314.61;34.91;10.66;-0.27
 9; 1369; 201 (C);-0.36;-59.07;2.33;-49.49;-380.68;46.07;15.10;25.43
 9; 1369; 202 (C);-14.81;-104.99;3.48;-81.07;-665.87;81.44;30.99;43.46
 9; 1369; 203 (C);-9.12;-87.95;3.05;-69.43;-560.36;68.41;25.04;36.76
 9; 1370; 201 (C);-1.67;-0.40;19.40;113.09;39.35;70.78;-46.57;4.62
 9; 1370; 202 (C);-12.55;-0.78;33.15;204.07;68.90;124.28;-75.40;8.27
 9; 1370; 203 (C);-8.24;-0.63;28.06;170.44;57.99;104.49;-64.78;6.91
 9; 1371; 201 (C);0.66;-1.79;7.07;115.30;3.30;5.84;-22.29;2.92
 9; 1371; 202 (C);-5.27;-3.28;11.03;208.86;5.99;10.25;-32.95;5.15
 9; 1371; 203 (C);-2.86;-2.72;9.57;174.30;5.00;8.62;-29.09;4.32
 9; 1372; 201 (C);-0.96;-0.43;5.32;89.87;6.83;0.71;-15.45;1.55
 9; 1372; 202 (C);-5.61;-0.83;7.79;164.67;12.22;1.24;-21.03;2.71
 9; 1372; 203 (C);-3.74;-0.68;6.89;137.06;10.24;1.04;-19.06;2.27
 9; 1373; 201 (C);-2.12;-0.41;4.10;73.57;3.25;1.01;-11.54;0.92
 9; 1373; 202 (C);-5.69;-0.76;5.55;136.11;5.96;1.73;-14.42;1.58
 9; 1373; 203 (C);-4.27;-0.63;5.04;113.04;4.97;1.46;-13.46;1.34
 9; 1374; 201 (C);-2.62;-0.30;3.39;66.23;2.08;0.60;-9.14;0.62
 9; 1374; 202 (C);-5.07;-0.52;4.29;123.01;3.92;1.01;-10.55;1.02
 9; 1374; 203 (C);-4.12;-0.43;3.98;102.05;3.25;0.85;-10.14;0.87
 9; 1375; 201 (C);-2.79;-0.25;2.85;63.14;1.45;0.47;-7.45;0.44
 9; 1375; 202 (C);-4.23;-0.40;3.37;117.21;2.81;0.78;-7.97;0.69
 9; 1375; 203 (C);-3.69;-0.34;3.21;97.23;2.32;0.66;-7.89;0.60
 9; 1376; 201 (C);-2.74;-0.21;2.41;62.53;1.10;0.38;-6.14;0.33
 9; 1376; 202 (C);-3.29;-0.32;2.68;115.65;2.18;0.63;-6.11;0.48
 9; 1376; 203 (C);-3.13;-0.28;2.61;96.00;1.79;0.54;-6.23;0.43
 9; 1377; 201 (C);-2.58;-0.19;2.03;63.34;0.89;0.32;-5.07;0.25
 9; 1377; 202 (C);-2.37;-0.26;2.14;116.55;1.82;0.52;-4.71;0.34
 9; 1377; 203 (C);-2.52;-0.23;2.13;96.83;1.49;0.44;-4.95;0.31
 9; 1378; 201 (C);-2.35;-0.17;1.70;64.91;0.78;0.26;-4.17;0.19
 9; 1378; 202 (C);-1.50;-0.21;1.69;118.79;1.62;0.43;-3.62;0.23
 9; 1378; 203 (C);-1.91;-0.20;1.73;98.80;1.32;0.37;-3.92;0.22
 9; 1379; 201 (C);-2.09;-0.15;1.41;66.82;0.72;0.21;-3.39;0.15
 9; 1379; 202 (C);-0.71;-0.18;1.33;121.65;1.50;0.35;-2.76;0.15
 9; 1379; 203 (C);-1.34;-0.17;1.39;101.29;1.22;0.30;-3.08;0.15
 9; 1380; 201 (C);-1.83;-0.14;1.13;68.78;0.69;0.17;-2.69;0.11
 9; 1380; 202 (C);-0.03;-0.15;1.03;124.64;1.44;0.28;-2.08;0.09
 9; 1380; 203 (C);-0.84;-0.15;1.09;103.87;1.17;0.24;-2.38;0.10
 9; 1381; 201 (C);-1.60;-0.13;0.88;70.58;0.67;0.13;-2.07;0.09
 9; 1381; 202 (C);0.53;-0.13;0.77;127.40;1.41;0.22;-1.53;0.04
 9; 1381; 203 (C);-0.41;-0.13;0.83;106.26;1.15;0.19;-1.79;0.06
 9; 1382; 201 (C);-1.40;-0.12;0.65;72.09;0.67;0.10;-1.51;0.07
 9; 1382; 202 (C);0.97;-0.11;0.55;129.72;1.39;0.16;-1.08;0.00
 9; 1382; 203 (C);-0.07;-0.12;0.60;108.27;1.14;0.14;-1.29;0.03
 9; 1383; 201 (C);-1.26;-0.12;0.42;73.21;0.67;0.06;-0.98;0.05
 9; 1383; 202 (C);1.29;-0.10;0.36;131.43;1.39;0.10;-0.70;-0.02
 9; 1383; 203 (C);0.18;-0.11;0.40;109.75;1.13;0.09;-0.84;0.01
 9; 1384; 201 (C);-1.17;-0.12;0.21;73.89;0.67;0.03;-0.47;0.05
 9; 1384; 202 (C);1.48;-0.09;0.18;132.43;1.39;0.05;-0.36;-0.03
 9; 1384; 203 (C);0.32;-0.10;0.20;110.62;1.13;0.04;-0.43;0.00
 9; 1385; 201 (C);-1.14;-0.12;-0.01;74.09;0.67;-0.00;0.02;0.04
 9; 1385; 202 (C);1.53;-0.09;0.02;132.66;1.38;-0.00;-0.05;-0.04
 9; 1385; 203 (C);0.37;-0.10;0.01;110.83;1.13;-0.00;-0.03;-0.00
 9; 1386; 201 (C);-1.17;-0.12;-0.22;73.79;0.67;-0.03;0.51;0.05
 9; 1386; 202 (C);1.46;-0.09;-0.15;132.10;1.38;-0.06;0.26;-0.04
 9; 1386; 203 (C);0.31;-0.10;-0.18;110.36;1.13;-0.05;0.36;0.00
 9; 1387; 201 (C);-1.26;-0.12;-0.44;73.02;0.67;-0.07;1.01;0.05
 9; 1387; 202 (C);1.26;-0.10;-0.32;130.77;1.38;-0.11;0.59;-0.02
 9; 1387; 203 (C);0.16;-0.11;-0.37;109.24;1.12;-0.09;0.77;0.01
 9; 1388; 201 (C);-1.41;-0.12;-0.66;71.80;0.67;-0.10;1.54;0.07
 9; 1388; 202 (C);0.93;-0.11;-0.51;128.73;1.38;-0.16;0.96;0.00
 9; 1388; 203 (C);-0.10;-0.12;-0.58;107.50;1.12;-0.14;1.21;0.03
 9; 1389; 201 (C);-1.60;-0.13;-0.89;70.20;0.67;-0.13;2.10;0.09
 9; 1389; 202 (C);0.48;-0.13;-0.73;126.09;1.39;-0.22;1.41;0.04
 9; 1389; 203 (C);-0.44;-0.13;-0.81;105.25;1.13;-0.19;1.72;0.06
 9; 1390; 201 (C);-1.83;-0.14;-1.14;68.31;0.68;-0.17;2.72;0.11
 9; 1390; 202 (C);-0.08;-0.15;-0.98;123.00;1.41;-0.28;1.95;0.08
 9; 1390; 203 (C);-0.87;-0.15;-1.06;102.62;1.15;-0.24;2.30;0.10
 9; 1391; 201 (C);-2.08;-0.15;-1.41;66.27;0.71;-0.21;3.41;0.15
 9; 1391; 202 (C);-0.76;-0.17;-1.28;119.71;1.46;-0.35;2.63;0.14
 9; 1391; 203 (C);-1.37;-0.17;-1.35;99.80;1.20;-0.30;2.99;0.15
 9; 1392; 201 (C);-2.33;-0.17;-1.71;64.28;0.77;-0.26;4.19;0.19
 9; 1392; 202 (C);-1.53;-0.21;-1.63;116.53;1.57;-0.43;3.46;0.22
 9; 1392; 203 (C);-1.93;-0.19;-1.68;97.08;1.28;-0.36;3.82;0.21
 9; 1393; 201 (C);-2.55;-0.18;-2.04;62.64;0.88;-0.32;5.09;0.25
 9; 1393; 202 (C);-2.38;-0.25;-2.06;113.95;1.76;-0.52;4.53;0.32
 9; 1393; 203 (C);-2.52;-0.23;-2.08;94.85;1.45;-0.44;4.82;0.30
 9; 1394; 201 (C);-2.70;-0.21;-2.41;61.75;1.08;-0.38;6.15;0.32
 9; 1394; 202 (C);-3.28;-0.31;-2.59;112.67;2.10;-0.62;5.89;0.47
 9; 1394; 203 (C);-3.11;-0.27;-2.55;93.73;1.73;-0.53;6.08;0.41
 9; 1395; 201 (C);-2.72;-0.24;-2.84;62.28;1.43;-0.47;7.45;0.43
 9; 1395; 202 (C);-4.17;-0.39;-3.26;113.77;2.71;-0.77;7.70;0.67
 9; 1395; 203 (C);-3.64;-0.33;-3.12;94.63;2.24;-0.65;7.70;0.58
 9; 1396; 201 (C);-2.53;-0.29;-3.38;65.26;2.05;-0.60;9.13;0.61
 9; 1396; 202 (C);-4.97;-0.50;-4.14;118.98;3.76;-0.98;10.20;0.98
 9; 1396; 203 (C);-4.03;-0.42;-3.88;99.02;3.14;-0.84;9.90;0.84
 9; 1397; 201 (C);-2.00;-0.41;-4.07;72.45;3.20;-1.00;11.50;0.91
 9; 1397; 202 (C);-5.53;-0.73;-5.35;131.24;5.72;-1.68;13.95;1.53
 9; 1397; 203 (C);-4.13;-0.61;-4.89;109.39;4.79;-1.42;13.12;1.30
 9; 1398; 201 (C);-0.81;-0.42;-5.28;88.51;6.74;-0.71;15.36;1.53
 9; 1398; 202 (C);-5.39;-0.79;-7.50;158.41;11.74;-1.20;20.32;2.61
 9; 1398; 203 (C);-3.55;-0.65;-6.68;132.39;9.88;-1.02;18.55;2.20
 9; 1399; 201 (C);0.86;-1.76;-6.99;113.58;3.25;-5.76;22.11;2.88
 9; 1399; 202 (C);-4.96;-3.14;-10.61;200.63;5.74;-9.86;31.81;4.96
 9; 1399; 203 (C);-2.60;-2.62;-9.27;168.18;4.82;-8.33;28.25;4.17
 9; 1400; 201 (C);-1.35;-0.39;-19.16;111.38;38.83;-69.87;46.08;4.56
 9; 1400; 202 (C);-11.81;-0.74;-31.85;195.74;66.19;-119.52;72.61;7.96
 9; 1400; 203 (C);-7.66;-0.60;-27.11;164.26;55.99;-100.97;62.73;6.68
 9; 1401; 201 (C);0.04;-58.27;-2.30;-49.02;-375.80;-45.47;-14.80;25.07
 9; 1401; 202 (C);-13.86;-100.86;-3.31;-78.11;-640.19;-78.38;-29.63;41.68
 9; 1401; 203 (C);-8.37;-84.90;-2.92;-67.26;-541.39;-66.14;-24.03;35.44
 9; 1402; 201 (C);-1.91;-19.45;1.67;-14.08;-211.14;-22.74;-5.57;0.38
 9; 1402; 202 (C);-15.64;-34.59;3.43;-19.45;-359.37;-40.30;-13.03;-0.72
 9; 1402; 203 (C);-10.20;-28.87;2.78;-17.48;-303.95;-33.83;-10.17;-0.32
 9; 1403; 201 (C);-1.74;-10.88;0.73;-6.01;-140.86;-12.29;-1.84;-1.07
 9; 1403; 202 (C);-13.76;-19.89;1.76;-6.40;-239.68;-23.11;-6.09;-3.30
 9; 1403; 203 (C);-8.96;-16.45;1.37;-6.30;-202.72;-19.20;-4.42;-2.46
 9; 1404; 201 (C);-1.87;-7.34;0.28;-3.88;-104.68;-8.61;-0.24;-0.91
 9; 1404; 202 (C);-12.43;-13.67;0.93;-3.34;-178.28;-17.31;-2.90;-2.99
 9; 1404; 203 (C);-8.17;-11.23;0.68;-3.60;-150.76;-14.21;-1.82;-2.19
 9; 1405; 201 (C);-2.33;-5.02;-0.01;-2.59;-80.16;-6.94;0.18;-0.47
 9; 1405; 202 (C);-11.67;-9.55;0.41;-1.65;-137.01;-14.83;-1.75;-2.12
 9; 1405; 203 (C);-7.87;-7.79;0.25;-2.07;-115.79;-12.06;-0.94;-1.47
 9; 1406; 201 (C);-3.15;-3.31;-0.18;-1.32;-61.00;-6.13;-0.06;-0.19
 9; 1406; 202 (C);-11.50;-6.52;0.09;-0.00;-105.16;-13.72;-1.71;-1.49
 9; 1406; 203 (C);-8.07;-5.27;-0.02;-0.57;-88.74;-11.07;-0.99;-0.96
 9; 1407; 201 (C);-4.17;-1.84;-0.28;0.14;-44.56;-5.69;-0.72;-0.22
 9; 1407; 202 (C);-11.67;-4.01;-0.08;1.86;-78.31;-13.14;-2.31;-1.31
 9; 1407; 203 (C);-8.57;-3.16;-0.17;1.12;-65.87;-10.56;-1.61;-0.85
 9; 1408; 201 (C);-5.15;-0.33;-0.29;1.82;-29.53;-5.45;-1.65;-0.67
 9; 1408; 202 (C);-11.82;-1.59;-0.13;3.99;-54.25;-12.75;-3.28;-1.70
 9; 1408; 203 (C);-9.04;-1.11;-0.20;3.06;-45.29;-10.23;-2.55;-1.23
 9; 1409; 201 (C);-5.72;1.48;-0.18;3.67;-15.12;-5.35;-2.65;-1.65
 9; 1409; 202 (C);-11.39;1.08;-0.02;6.28;-31.70;-12.45;-4.30;-2.74
 9; 1409; 203 (C);-9.02;1.20;-0.10;5.17;-25.91;-9.99;-3.56;-2.21
 9; 1410; 201 (C);-5.32;3.89;0.10;5.57;-0.61;-5.37;-3.37;-3.22
 9; 1410; 202 (C);-9.67;4.37;0.31;8.58;-9.62;-12.13;-4.88;-4.44
 9; 1410; 203 (C);-7.84;4.09;0.21;7.30;-6.83;-9.78;-4.19;-3.82
 9; 1411; 201 (C);-3.14;7.65;0.78;6.81;15.39;-6.52;-3.08;-5.50
 9; 1411; 202 (C);-5.52;9.14;1.20;9.70;13.74;-13.24;-4.04;-6.64
 9; 1411; 203 (C);-4.51;8.37;1.01;8.45;13.51;-10.85;-3.58;-5.96
 9; 1412; 201 (C);-0.52;9.85;1.30;4.19;-4.60;-14.37;-2.75;-5.78
 9; 1412; 202 (C);-2.10;12.10;2.27;5.82;-12.80;-25.52;-3.71;-7.75
 9; 1412; 203 (C);-1.49;10.99;1.85;5.07;-10.06;-21.40;-3.28;-6.84
 9; 1413; 201 (C);-2.29;5.51;0.59;4.12;-10.70;-16.10;-3.04;-4.19
 9; 1413; 202 (C);-5.20;6.61;1.47;6.27;-23.03;-28.58;-4.46;-5.95
 9; 1413; 203 (C);-4.03;6.06;1.08;5.32;-18.74;-23.98;-3.82;-5.16
 9; 1414; 201 (C);-3.31;2.39;-0.20;2.96;-19.20;-16.75;-2.48;-2.88
 9; 1414; 202 (C);-7.39;2.45;0.48;5.10;-36.59;-30.07;-4.04;-4.51
 9; 1414; 203 (C);-5.73;2.36;0.18;4.17;-30.34;-25.18;-3.35;-3.81
 9; 1415; 201 (C);-3.64;0.06;-0.65;1.54;-28.71;-17.29;-1.67;-1.92
 9; 1415; 202 (C);-8.70;-0.88;-0.07;3.50;-51.79;-31.28;-3.25;-3.44
 9; 1415; 203 (C);-6.64;-0.55;-0.32;2.65;-43.35;-26.16;-2.56;-2.81
 9; 1416; 201 (C);-3.51;-1.83;-0.83;0.16;-39.00;-17.98;-0.90;-1.35
 9; 1416; 202 (C);-9.43;-3.79;-0.28;1.88;-68.42;-32.64;-2.51;-2.86
 9; 1416; 203 (C);-7.02;-3.04;-0.51;1.14;-57.55;-27.28;-1.81;-2.25
 9; 1417; 201 (C);-3.11;-3.58;-0.85;-1.09;-50.12;-19.11;-0.36;-1.12
 9; 1417; 202 (C);-9.81;-6.70;-0.25;0.38;-86.61;-34.63;-2.07;-2.71
 9; 1417; 203 (C);-7.09;-5.50;-0.49;-0.25;-73.05;-28.95;-1.34;-2.09
 9; 1418; 201 (C);-2.55;-5.53;-0.78;-2.26;-62.26;-21.08;-0.17;-1.15
 9; 1418; 202 (C);-9.96;-10.07;-0.11;-1.04;-106.69;-37.94;-2.19;-2.90
 9; 1418; 203 (C);-6.97;-8.32;-0.37;-1.56;-90.12;-31.76;-1.35;-2.23
 9; 1419; 201 (C);-1.78;-8.07;-0.78;-3.49;-75.52;-24.62;-0.54;-1.27
 9; 1419; 202 (C);-9.77;-14.54;-0.08;-2.60;-128.87;-43.77;-3.21;-3.14
 9; 1419; 203 (C);-6.56;-12.07;-0.35;-2.99;-108.94;-36.72;-2.13;-2.43
 9; 1420; 201 (C);-0.51;-11.98;-1.20;-5.15;-88.93;-30.83;-1.76;-1.13
 9; 1420; 202 (C);-8.68;-21.35;-0.73;-4.82;-151.48;-54.07;-5.72;-2.82
 9; 1420; 203 (C);-5.39;-17.79;-0.91;-4.99;-128.10;-45.48;-4.17;-2.19
 9; 1421; 201 (C);2.53;-17.99;-4.10;-6.85;-90.41;-37.67;-4.25;1.39
 9; 1421; 202 (C);-4.51;-31.62;-5.65;-6.97;-153.97;-65.36;-10.47;1.78
 9; 1421; 203 (C);-1.64;-26.48;-5.08;-6.95;-130.21;-55.09;-8.08;1.62
 9; 1422; 201 (C);11.65;-9.60;-7.47;-5.83;-32.92;-15.87;-6.97;4.14
 9; 1422; 202 (C);10.27;-16.99;-11.66;-4.44;-56.07;-27.95;-15.81;6.96
 9; 1422; 203 (C);11.03;-14.21;-10.09;-4.97;-47.41;-23.48;-12.45;5.89
 9; 1423; 201 (C);0.83;12.35;1.93;2.23;-13.32;-19.17;-2.18;-6.09
 9; 1423; 202 (C);-0.02;15.55;3.53;2.34;-24.39;-33.39;-3.02;-8.22
 9; 1423; 203 (C);0.28;14.07;2.85;2.15;-20.34;-28.11;-2.68;-7.28
 9; 1424; 201 (C);-0.59;7.41;1.06;2.72;-17.04;-21.93;-2.54;-4.68
 9; 1424; 202 (C);-2.43;9.16;2.58;3.66;-30.84;-37.95;-3.78;-6.52
 9; 1424; 203 (C);-1.72;8.33;1.92;3.14;-25.78;-31.99;-3.25;-5.72
 9; 1425; 201 (C);-1.67;3.68;-0.03;1.98;-21.37;-23.84;-2.20;-3.52
 9; 1425; 202 (C);-4.45;4.22;1.23;3.21;-38.20;-41.27;-3.59;-5.18
 9; 1425; 203 (C);-3.36;3.92;0.69;2.60;-32.01;-34.79;-2.99;-4.48
 9; 1426; 201 (C);-2.34;0.83;-0.80;0.72;-26.54;-25.15;-1.68;-2.59
 9; 1426; 202 (C);-5.95;0.25;0.26;1.91;-46.72;-43.71;-3.16;-4.14
 9; 1426; 203 (C);-4.51;0.42;-0.19;1.34;-39.27;-36.82;-2.53;-3.50
 9; 1427; 201 (C);-2.61;-1.45;-1.26;-0.72;-32.08;-26.31;-1.18;-1.92
 9; 1427; 202 (C);-6.95;-3.12;-0.31;0.26;-55.78;-45.87;-2.76;-3.39
 9; 1427; 203 (C);-5.21;-2.51;-0.71;-0.21;-46.98;-38.62;-2.09;-2.79
 9; 1428; 201 (C);-2.53;-3.43;-1.53;-2.26;-37.48;-27.56;-0.82;-1.47
 9; 1428; 202 (C);-7.47;-6.27;-0.67;-1.62;-64.59;-48.16;-2.57;-2.90
 9; 1428; 203 (C);-5.49;-5.19;-1.02;-1.94;-54.50;-40.53;-1.84;-2.33
 9; 1429; 201 (C);-2.12;-5.35;-1.79;-3.95;-41.93;-29.05;-0.71;-1.16
 9; 1429; 202 (C);-7.48;-9.52;-1.06;-3.84;-71.83;-50.73;-2.76;-2.54
 9; 1429; 203 (C);-5.33;-7.93;-1.36;-3.94;-60.67;-42.70;-1.92;-2.00
 9; 1430; 201 (C);-1.28;-7.40;-2.35;-5.93;-43.70;-30.43;-0.92;-0.82
 9; 1430; 202 (C);-6.78;-13.09;-1.98;-6.56;-74.56;-53.04;-3.47;-2.01
 9; 1430; 203 (C);-4.57;-10.92;-2.14;-6.37;-63.03;-44.66;-2.45;-1.56
 9; 1431; 201 (C);0.19;-9.37;-3.91;-8.08;-38.52;-29.62;-1.47;-0.07
 9; 1431; 202 (C);-4.97;-16.54;-4.62;-9.54;-65.57;-51.54;-4.75;-0.65
 9; 1431; 203 (C);-2.88;-13.82;-4.37;-9.02;-55.45;-43.41;-3.46;-0.43
 9; 1432; 201 (C);2.54;-8.56;-6.92;-9.28;-20.38;-20.90;-2.10;1.76
 9; 1432; 202 (C);-1.57;-15.14;-9.76;-10.79;-34.56;-36.49;-6.15;2.69
 9; 1432; 203 (C);0.14;-12.65;-8.70;-10.23;-29.25;-30.71;-4.57;2.33
 9; 1433; 201 (C);0.49;-4.87;-8.83;3.12;-10.21;-7.16;1.42;2.96
 9; 1433; 202 (C);-5.54;-8.64;-13.45;11.17;-17.28;-12.82;-0.68;4.99
 9; 1433; 203 (C);-3.11;-7.22;-11.73;8.18;-14.63;-10.73;0.16;4.22
 9; 1434; 201 (C);1.82;14.84;2.26;-1.09;-17.65;-22.07;-1.83;-6.38
 9; 1434; 202 (C);1.57;18.82;4.26;-3.02;-29.82;-38.21;-2.39;-8.46
 9; 1434; 203 (C);1.62;17.03;3.41;-2.43;-25.22;-32.21;-2.17;-7.57
 9; 1435; 201 (C);0.55;9.41;1.44;0.52;-19.56;-25.18;-2.27;-5.06
 9; 1435; 202 (C);-0.44;11.79;3.47;-0.09;-33.30;-43.27;-3.33;-6.85
 9; 1435; 203 (C);-0.09;10.69;2.61;-0.02;-28.13;-36.53;-2.89;-6.08
 9; 1436; 201 (C);-0.50;5.17;0.21;0.43;-21.49;-27.47;-2.03;-3.97
 9; 1436; 202 (C);-2.21;6.23;1.96;0.45;-36.78;-47.11;-3.26;-5.57
 9; 1436; 203 (C);-1.57;5.70;1.22;0.29;-31.05;-39.78;-2.74;-4.89
 9; 1437; 201 (C);-1.27;1.85;-0.75;-0.40;-23.44;-29.04;-1.67;-3.03
 9; 1437; 202 (C);-3.63;1.72;0.74;-0.17;-40.18;-49.84;-3.01;-4.50
 9; 1437; 203 (C);-2.72;1.70;0.11;-0.39;-33.92;-42.08;-2.45;-3.89
 9; 1438; 201 (C);-1.72;-0.77;-1.43;-1.62;-25.18;-30.00;-1.32;-2.27
 9; 1438; 202 (C);-4.64;-2.03;-0.17;-1.42;-43.11;-51.60;-2.80;-3.61
 9; 1438; 203 (C);-3.49;-1.59;-0.69;-1.61;-36.40;-43.55;-2.18;-3.07
 9; 1439; 201 (C);-1.84;-2.89;-1.95;-3.04;-26.13;-30.38;-1.06;-1.66
 9; 1439; 202 (C);-5.19;-5.27;-0.91;-3.04;-44.62;-52.36;-2.71;-2.87
 9; 1439; 203 (C);-3.86;-4.39;-1.34;-3.13;-37.70;-44.18;-2.03;-2.38
 9; 1440; 201 (C);-1.62;-4.67;-2.50;-4.53;-25.36;-29.87;-0.94;-1.11
 9; 1440; 202 (C);-5.22;-8.15;-1.79;-4.84;-43.18;-51.56;-2.84;-2.14
 9; 1440; 203 (C);-3.79;-6.84;-2.09;-4.79;-36.51;-43.49;-2.06;-1.73
 9; 1441; 201 (C);-1.06;-6.05;-3.39;-5.78;-21.50;-27.52;-0.97;-0.51
 9; 1441; 202 (C);-4.68;-10.52;-3.27;-6.25;-36.47;-47.57;-3.19;-1.21
 9; 1441; 203 (C);-3.23;-8.82;-3.34;-6.12;-30.86;-40.12;-2.30;-0.94
 9; 1442; 201 (C);-0.25;-6.52;-4.89;-5.69;-13.40;-21.72;-1.09;0.38
 9; 1442; 202 (C);-3.70;-11.37;-5.84;-5.32;-22.58;-37.62;-3.64;0.32
 9; 1442; 203 (C);-2.30;-9.53;-5.50;-5.47;-19.13;-31.71;-2.63;0.35
 9; 1443; 201 (C);-0.09;-5.36;-6.83;0.00;-5.22;-11.99;-0.83;1.47
 9; 1443; 202 (C);-3.80;-9.41;-9.20;5.22;-8.63;-20.94;-3.42;2.31
 9; 1443; 203 (C);-2.29;-7.88;-8.33;3.27;-7.34;-17.62;-2.40;2.00
 9; 1444; 201 (C);-1.00;-2.60;-6.34;30.97;-0.39;1.37;1.94;1.77
 9; 1444; 202 (C);-5.65;-4.60;-8.89;58.97;-0.48;2.03;0.78;2.96
 9; 1444; 203 (C);-3.78;-3.84;-7.95;48.55;-0.43;1.77;1.26;2.51
 9; 1445; 201 (C);2.59;17.32;2.40;-4.23;-19.82;-23.73;-1.58;-6.67
 9; 1445; 202 (C);2.79;21.94;4.60;-8.13;-32.26;-40.93;-1.90;-8.59
 9; 1445; 203 (C);2.65;19.90;3.67;-6.79;-27.47;-34.53;-1.78;-7.78
 9; 1446; 201 (C);1.42;11.43;1.69;-2.06;-20.30;-26.58;-2.08;-5.41
 9; 1446; 202 (C);1.10;14.41;4.04;-4.32;-33.34;-45.58;-2.96;-7.09
 9; 1446; 203 (C);1.17;13.07;3.05;-3.63;-28.35;-38.50;-2.60;-6.38
 9; 1447; 201 (C);0.41;6.74;0.42;-1.32;-20.45;-28.75;-1.90;-4.33
 9; 1447; 202 (C);-0.44;8.34;2.49;-2.53;-33.86;-49.14;-2.97;-5.83
 9; 1447; 203 (C);-0.15;7.59;1.61;-2.24;-28.76;-41.53;-2.53;-5.20
 9; 1448; 201 (C);-0.39;3.04;-0.65;-1.46;-20.23;-30.07;-1.62;-3.37
 9; 1448; 202 (C);-1.71;3.41;1.11;-2.04;-33.70;-51.34;-2.82;-4.72
 9; 1448; 203 (C);-1.23;3.17;0.37;-1.96;-28.59;-43.39;-2.32;-4.16
 9; 1449; 201 (C);-0.93;0.15;-1.48;-2.03;-19.43;-30.45;-1.35;-2.54
 9; 1449; 202 (C);-2.66;-0.60;-0.02;-2.20;-32.50;-52.02;-2.68;-3.74
 9; 1449; 203 (C);-2.01;-0.38;-0.64;-2.26;-27.56;-43.96;-2.13;-3.25
 9; 1450; 201 (C);-1.21;-2.08;-2.19;-2.68;-17.71;-29.71;-1.13;-1.82
 9; 1450; 202 (C);-3.24;-3.86;-1.05;-2.52;-29.65;-50.83;-2.61;-2.84
 9; 1450; 203 (C);-2.46;-3.22;-1.53;-2.68;-25.14;-42.95;-2.01;-2.42
 9; 1451; 201 (C);-1.23;-3.72;-2.91;-3.01;-14.58;-27.45;-0.99;-1.15
 9; 1451; 202 (C);-3.43;-6.39;-2.21;-2.29;-24.34;-47.04;-2.64;-1.94
 9; 1451; 203 (C);-2.57;-5.40;-2.51;-2.63;-20.65;-39.73;-1.97;-1.62
 9; 1452; 201 (C);-1.06;-4.68;-3.82;-2.17;-9.79;-23.05;-0.90;-0.45
 9; 1452; 202 (C);-3.33;-7.97;-3.75;-0.06;-16.20;-39.56;-2.73;-0.90
 9; 1452; 203 (C);-2.43;-6.73;-3.81;-0.89;-13.76;-33.40;-1.99;-0.71
 9; 1453; 201 (C);-0.93;-4.73;-5.01;1.87;-4.44;-16.07;-0.78;0.31
 9; 1453; 202 (C);-3.30;-8.07;-5.79;7.64;-7.12;-27.63;-2.72;0.35
 9; 1453; 203 (C);-2.36;-6.81;-5.53;5.47;-6.08;-23.32;-1.95;0.34
 9; 1454; 201 (C);-1.19;-3.61;-6.06;14.45;-0.58;-6.39;-0.29;1.01
 9; 1454; 202 (C);-3.95;-6.20;-7.66;29.97;-0.61;-11.08;-2.07;1.57
 9; 1454; 203 (C);-2.85;-5.22;-7.09;24.19;-0.57;-9.34;-1.36;1.36
 9; 1455; 201 (C);-1.96;-1.68;-5.28;40.41;0.68;1.92;1.69;1.11
 9; 1455; 202 (C);-5.42;-2.92;-6.93;75.26;1.38;3.19;0.77;1.82
 9; 1455; 203 (C);-4.05;-2.45;-6.33;62.29;1.14;2.72;1.17;1.56
 9; 1456; 201 (C);3.23;19.71;2.43;-7.07;-20.94;-24.22;-1.36;-6.95
 9; 1456; 202 (C);3.77;24.84;4.69;-12.81;-33.29;-41.67;-1.48;-8.70
 9; 1456; 203 (C);3.50;22.60;3.75;-10.78;-28.49;-35.17;-1.45;-7.97
 9; 1457; 201 (C);2.12;13.42;1.82;-4.43;-20.28;-26.65;-1.92;-5.73
 9; 1457; 202 (C);2.33;16.94;4.33;-8.17;-32.44;-45.64;-2.64;-7.29
 9; 1457; 203 (C);2.19;15.38;3.28;-6.91;-27.73;-38.57;-2.35;-6.64
 9; 1458; 201 (C);1.14;8.35;0.56;-2.91;-19.17;-28.41;-1.78;-4.63
 9; 1458; 202 (C);0.99;10.47;2.80;-5.14;-30.84;-48.49;-2.69;-6.03
 9; 1458; 203 (C);1.00;9.50;1.86;-4.45;-26.33;-41.00;-2.32;-5.45
 9; 1459; 201 (C);0.33;4.32;-0.55;-2.14;-17.54;-29.26;-1.54;-3.65
 9; 1459; 202 (C);-0.15;5.21;1.36;-3.19;-28.36;-49.84;-2.59;-4.89
 9; 1459; 203 (C);-0.01;4.75;0.56;-2.94;-24.19;-42.15;-2.16;-4.37
 9; 1460; 201 (C);-0.28;1.20;-1.47;-1.71;-15.31;-29.00;-1.32;-2.77
 9; 1460; 202 (C);-1.05;1.00;0.10;-1.70;-24.81;-49.37;-2.48;-3.85
 9; 1460; 203 (C);-0.79;1.00;-0.56;-1.82;-21.16;-41.76;-2.00;-3.40
 9; 1461; 201 (C);-0.70;-1.13;-2.26;-1.12;-12.37;-27.42;-1.12;-1.98
 9; 1461; 202 (C);-1.67;-2.27;-1.08;0.08;-20.00;-46.69;-2.40;-2.87
 9; 1461; 203 (C);-1.32;-1.89;-1.58;-0.46;-17.06;-39.49;-1.88;-2.50
 9; 1462; 201 (C);-0.94;-2.72;-3.03;0.25;-8.70;-24.24;-0.95;-1.26
 9; 1462; 202 (C);-2.06;-4.59;-2.31;3.23;-13.91;-41.28;-2.35;-1.90
 9; 1462; 203 (C);-1.65;-3.92;-2.63;2.05;-11.90;-34.91;-1.78;-1.64
 9; 1463; 201 (C);-1.09;-3.54;-3.86;3.53;-4.73;-19.22;-0.80;-0.56
 9; 1463; 202 (C);-2.35;-5.84;-3.71;9.64;-7.28;-32.74;-2.29;-0.91
 9; 1463; 203 (C);-1.87;-4.99;-3.81;7.32;-6.27;-27.69;-1.69;-0.76
 9; 1464; 201 (C);-1.32;-3.51;-4.74;10.72;-1.35;-12.35;-0.60;0.10
 9; 1464; 202 (C);-2.77;-5.79;-5.23;22.75;-1.65;-21.04;-2.10;0.11
 9; 1464; 203 (C);-2.21;-4.93;-5.08;18.24;-1.49;-17.79;-1.50;0.12
 9; 1465; 201 (C);-1.78;-2.62;-5.37;24.14;0.45;-4.68;-0.17;0.63
 9; 1465; 202 (C);-3.62;-4.33;-6.39;46.55;1.26;-7.94;-1.52;0.98
 9; 1465; 203 (C);-2.91;-3.69;-6.04;38.20;0.99;-6.71;-0.97;0.86
 9; 1466; 201 (C);-2.46;-1.21;-4.45;44.04;0.63;0.46;1.31;0.73
 9; 1466; 202 (C);-4.82;-2.01;-5.46;81.51;1.34;0.84;0.47;1.16
 9; 1466; 203 (C);-3.91;-1.71;-5.11;67.57;1.09;0.70;0.83;1.00
 9; 1467; 201 (C);3.79;21.97;2.38;-9.53;-21.60;-23.76;-1.17;-7.21
 9; 1467; 202 (C);4.59;27.50;4.61;-16.88;-33.80;-40.80;-1.14;-8.77
 9; 1467; 203 (C);4.21;25.11;3.68;-14.24;-29.02;-34.46;-1.16;-8.12
 9; 1468; 201 (C);2.72;15.33;1.86;-6.39;-20.08;-25.73;-1.76;-6.02
 9; 1468; 202 (C);3.32;19.32;4.40;-11.34;-31.49;-44.03;-2.33;-7.44
 9; 1468; 203 (C);3.02;17.57;3.34;-9.62;-27.02;-37.22;-2.10;-6.85
 9; 1469; 201 (C);1.76;9.92;0.65;-4.09;-18.10;-27.02;-1.65;-4.90
 9; 1469; 202 (C);2.14;12.54;2.94;-7.02;-28.44;-46.09;-2.41;-6.18
 9; 1469; 203 (C);1.93;11.36;1.98;-6.06;-24.40;-38.98;-2.10;-5.65
 9; 1470; 201 (C);0.93;5.62;-0.45;-2.34;-15.65;-27.39;-1.45;-3.89
 9; 1470; 202 (C);1.11;7.03;1.51;-3.45;-24.58;-46.60;-2.33;-5.02
 9; 1470; 203 (C);0.98;6.36;0.68;-3.17;-21.09;-39.43;-1.97;-4.55
 9; 1471; 201 (C);0.26;2.29;-1.39;-0.73;-12.74;-26.64;-1.25;-2.98
 9; 1471; 202 (C);0.25;2.66;0.22;-0.01;-19.93;-45.26;-2.24;-3.95
 9; 1471; 203 (C);0.20;2.42;-0.46;-0.40;-17.11;-38.30;-1.83;-3.55
 9; 1472; 201 (C);-0.28;-0.15;-2.20;1.26;-9.45;-24.61;-1.06;-2.16
 9; 1472; 202 (C);-0.44;-0.65;-0.99;4.14;-14.59;-41.76;-2.15;-2.94
 9; 1472; 203 (C);-0.42;-0.53;-1.50;2.97;-12.56;-35.34;-1.71;-2.62
 9; 1473; 201 (C);-0.69;-1.78;-2.94;4.35;-6.00;-21.15;-0.89;-1.41
 9; 1473; 202 (C);-0.99;-2.93;-2.18;10.21;-8.97;-35.85;-2.06;-1.98
 9; 1473; 203 (C);-0.91;-2.54;-2.52;7.95;-7.77;-30.35;-1.58;-1.74
 9; 1474; 201 (C);-1.06;-2.61;-3.66;9.56;-2.87;-16.27;-0.73;-0.72
 9; 1474; 202 (C);-1.51;-4.12;-3.39;19.90;-3.85;-27.54;-1.93;-1.04
 9; 1474; 203 (C);-1.37;-3.58;-3.54;15.99;-3.41;-23.32;-1.44;-0.90
 9; 1475; 201 (C);-1.48;-2.66;-4.32;18.05;-0.62;-10.34;-0.53;-0.11
 9; 1475; 202 (C);-2.15;-4.17;-4.53;35.25;-0.24;-17.44;-1.72;-0.17
 9; 1475; 203 (C);-1.92;-3.61;-4.49;28.81;-0.33;-14.78;-1.23;-0.13
 9; 1476; 201 (C);-2.03;-2.00;-4.70;30.61;0.35;-4.51;-0.18;0.36
 9; 1476; 202 (C);-3.02;-3.13;-5.27;57.58;1.17;-7.50;-1.26;0.55
 9; 1476; 203 (C);-2.66;-2.71;-5.09;47.52;0.90;-6.37;-0.82;0.49
 9; 1477; 201 (C);-2.64;-0.93;-3.81;46.44;0.34;-0.75;0.99;0.49
 9; 1477; 202 (C);-4.02;-1.47;-4.38;85.58;0.89;-1.14;0.20;0.76
 9; 1477; 203 (C);-3.51;-1.27;-4.19;71.01;0.71;-0.99;0.54;0.66
 9; 1478; 201 (C);4.26;24.05;2.27;-11.60;-22.12;-22.56;-0.99;-7.44
 9; 1478; 202 (C);5.26;29.91;4.40;-20.33;-34.21;-38.68;-0.86;-8.81
 9; 1478; 203 (C);4.80;27.39;3.52;-17.18;-29.45;-32.68;-0.92;-8.24
 9; 1479; 201 (C);3.22;17.12;1.83;-7.90;-19.97;-24.12;-1.59;-6.26
 9; 1479; 202 (C);4.12;21.52;4.30;-13.80;-30.86;-41.24;-2.04;-7.55
 9; 1479; 203 (C);3.70;19.60;3.27;-11.72;-26.57;-34.86;-1.86;-7.01
 9; 1480; 201 (C);2.27;11.43;0.70;-4.82;-17.45;-24.99;-1.50;-5.14
 9; 1480; 202 (C);3.06;14.50;2.95;-8.14;-26.89;-42.59;-2.13;-6.30
 9; 1480; 203 (C);2.69;13.14;2.01;-7.03;-23.16;-36.03;-1.88;-5.82
 9; 1481; 201 (C);1.43;6.88;-0.36;-2.09;-14.56;-24.98;-1.33;-4.11
 9; 1481; 202 (C);2.11;8.79;1.58;-2.93;-22.31;-42.46;-2.07;-5.14
 9; 1481; 203 (C);1.78;7.91;0.76;-2.74;-19.24;-35.94;-1.77;-4.71
 9; 1482; 201 (C);0.71;3.37;-1.26;0.68;-11.40;-23.94;-1.15;-3.17
 9; 1482; 202 (C);1.28;4.27;0.32;2.45;-17.26;-40.61;-1.99;-4.05
 9; 1482; 203 (C);0.99;3.82;-0.35;1.68;-14.92;-34.38;-1.65;-3.69
 9; 1483; 201 (C);0.09;0.79;-2.04;4.00;-8.14;-21.76;-0.99;-2.33
 9; 1483; 202 (C);0.55;0.87;-0.83;8.83;-12.03;-36.84;-1.89;-3.04
 9; 1483; 203 (C);0.31;0.76;-1.35;6.94;-10.45;-31.20;-1.52;-2.74
 9; 1484; 201 (C);-0.45;-0.93;-2.73;8.49;-5.05;-18.43;-0.83;-1.57
 9; 1484; 202 (C);-0.09;-1.45;-1.92;17.28;-7.07;-31.14;-1.78;-2.09
 9; 1484; 203 (C);-0.29;-1.31;-2.28;13.93;-6.21;-26.38;-1.40;-1.87
 9; 1485; 201 (C);-0.96;-1.85;-3.34;14.89;-2.49;-14.10;-0.67;-0.89
 9; 1485; 202 (C);-0.74;-2.72;-2.94;28.99;-3.00;-23.74;-1.65;-1.21
 9; 1485; 203 (C);-0.88;-2.43;-3.14;23.68;-2.72;-20.13;-1.25;-1.07
 9; 1486; 201 (C);-1.48;-2.03;-3.85;23.78;-0.79;-9.23;-0.49;-0.30
 9; 1486; 202 (C);-1.46;-2.97;-3.81;45.01;-0.39;-15.44;-1.45;-0.41
 9; 1486; 203 (C);-1.52;-2.63;-3.87;37.07;-0.47;-13.11;-1.06;-0.35
 9; 1487; 201 (C);-2.05;-1.57;-4.08;35.32;-0.05;-4.69;-0.21;0.16
 9; 1487; 202 (C);-2.29;-2.31;-4.31;65.57;0.56;-7.74;-1.10;0.24
 9; 1487; 203 (C);-2.25;-2.04;-4.27;54.29;0.38;-6.59;-0.74;0.22
 9; 1488; 201 (C);-2.61;-0.76;-3.26;48.62;0.06;-1.59;0.73;0.34
 9; 1488; 202 (C);-3.14;-1.11;-3.52;89.22;0.44;-2.52;0.01;0.49
 9; 1488; 203 (C);-2.99;-0.98;-3.45;74.10;0.32;-2.16;0.32;0.44
 9; 1489; 201 (C);4.67;25.94;2.11;-13.31;-22.62;-20.81;-0.83;-7.63
 9; 1489; 202 (C);5.80;32.06;4.10;-23.20;-34.72;-35.65;-0.64;-8.84
 9; 1489; 203 (C);5.29;29.43;3.28;-19.62;-29.94;-30.13;-0.73;-8.34
 9; 1490; 201 (C);3.64;18.76;1.74;-9.02;-20.05;-22.02;-1.41;-6.47
 9; 1490; 202 (C);4.76;23.51;4.07;-15.60;-30.67;-37.64;-1.76;-7.64
 9; 1490; 203 (C);4.25;21.46;3.10;-13.27;-26.47;-31.82;-1.62;-7.15
 9; 1491; 201 (C);2.70;12.83;0.71;-5.18;-17.20;-22.57;-1.35;-5.34
 9; 1491; 202 (C);3.80;16.31;2.85;-8.64;-26.15;-38.46;-1.86;-6.40
 9; 1491; 203 (C);3.30;14.78;1.96;-7.48;-22.59;-32.54;-1.66;-5.96
 9; 1492; 201 (C);1.85;8.07;-0.27;-1.53;-14.11;-22.31;-1.20;-4.30
 9; 1492; 202 (C);2.91;10.43;1.58;-1.89;-21.24;-37.92;-1.81;-5.24
 9; 1492; 203 (C);2.43;9.37;0.80;-1.87;-18.38;-32.09;-1.57;-4.85
 9; 1493; 201 (C);1.09;4.38;-1.11;2.28;-10.91;-21.16;-1.05;-3.35
 9; 1493; 202 (C);2.10;5.77;0.41;5.25;-16.14;-35.86;-1.74;-4.16
 9; 1493; 203 (C);1.64;5.12;-0.23;4.04;-14.02;-30.37;-1.46;-3.82
 9; 1494; 201 (C);0.41;1.66;-1.83;6.71;-7.78;-19.06;-0.90;-2.49
 9; 1494; 202 (C);1.36;2.26;-0.65;13.49;-11.18;-32.22;-1.65;-3.15
 9; 1494; 203 (C);0.92;1.94;-1.15;10.87;-9.77;-27.30;-1.34;-2.87
 9; 1495; 201 (C);-0.21;-0.18;-2.44;12.23;-4.98;-16.07;-0.76;-1.72
 9; 1495; 202 (C);0.67;-0.17;-1.61;23.67;-6.74;-27.09;-1.54;-2.22
 9; 1495; 203 (C);0.26;-0.24;-1.98;19.33;-5.97;-22.96;-1.22;-2.01
 9; 1496; 201 (C);-0.79;-1.22;-2.96;19.32;-2.73;-12.40;-0.62;-1.04
 9; 1496; 202 (C);-0.03;-1.58;-2.46;36.55;-3.27;-20.81;-1.41;-1.37
 9; 1496; 203 (C);-0.39;-1.49;-2.70;30.08;-2.98;-17.66;-1.09;-1.23
 9; 1497; 201 (C);-1.37;-1.54;-3.35;28.28;-1.24;-8.45;-0.47;-0.46
 9; 1497; 202 (C);-0.76;-2.05;-3.15;52.66;-1.06;-14.08;-1.25;-0.62
 9; 1497; 203 (C);-1.06;-1.88;-3.27;43.54;-1.06;-11.96;-0.93;-0.54
 9; 1498; 201 (C);-1.94;-1.27;-3.51;39.01;-0.48;-4.82;-0.24;0.01
 9; 1498; 202 (C);-1.53;-1.70;-3.50;71.82;-0.11;-7.92;-0.97;-0.00
 9; 1498; 203 (C);-1.76;-1.55;-3.54;59.58;-0.20;-6.75;-0.67;0.01
 9; 1499; 201 (C);-2.47;-0.63;-2.77;50.84;-0.17;-2.08;0.54;0.23
 9; 1499; 202 (C);-2.26;-0.86;-2.82;92.88;0.06;-3.34;-0.12;0.29
 9; 1499; 203 (C);-2.41;-0.78;-2.84;77.22;-0.00;-2.86;0.16;0.27
 9; 1500; 201 (C);5.01;27.62;1.92;-14.71;-23.15;-18.68;-0.69;-7.79
 9; 1500; 202 (C);6.24;33.94;3.71;-25.54;-35.36;-31.98;-0.48;-8.86
 9; 1500; 203 (C);5.69;31.24;2.97;-21.61;-30.53;-27.03;-0.57;-8.42
 9; 1501; 201 (C);3.99;20.24;1.62;-9.83;-20.31;-19.62;-1.23;-6.65
 9; 1501; 202 (C);5.27;25.28;3.74;-16.89;-30.87;-33.52;-1.50;-7.70
 9; 1501; 203 (C);4.70;23.11;2.86;-14.37;-26.68;-28.34;-1.40;-7.26
 9; 1502; 201 (C);3.06;14.09;0.69;-5.28;-17.27;-19.94;-1.19;-5.51
 9; 1502; 202 (C);4.39;17.93;2.66;-8.71;-26.03;-33.97;-1.60;-6.49
 9; 1502; 203 (C);3.80;16.26;1.84;-7.55;-22.54;-28.74;-1.44;-6.08
 9; 1503; 201 (C);2.20;9.15;-0.19;-0.82;-14.09;-19.55;-1.06;-4.46
 9; 1503; 202 (C);3.55;11.90;1.52;-0.58;-21.00;-33.23;-1.56;-5.33
 9; 1503; 203 (C);2.95;10.69;0.81;-0.78;-18.22;-28.13;-1.36;-4.97
 9; 1504; 201 (C);1.42;5.30;-0.95;3.87;-10.93;-18.41;-0.93;-3.50
 9; 1504; 202 (C);2.77;7.12;0.48;8.04;-15.98;-31.20;-1.50;-4.25
 9; 1504; 203 (C);2.16;6.29;-0.12;6.38;-13.92;-26.43;-1.27;-3.94
 9; 1505; 201 (C);0.70;2.44;-1.59;9.16;-7.93;-16.52;-0.80;-2.64
 9; 1505; 202 (C);2.03;3.48;-0.46;17.74;-11.26;-27.91;-1.41;-3.26
 9; 1505; 203 (C);1.43;2.98;-0.95;14.45;-9.87;-23.65;-1.17;-3.00
 9; 1506; 201 (C);0.03;0.47;-2.13;15.42;-5.30;-13.96;-0.68;-1.86
 9; 1506; 202 (C);1.32;0.92;-1.30;29.13;-7.16;-23.50;-1.32;-2.34
 9; 1506; 203 (C);0.74;0.68;-1.66;23.94;-6.34;-19.93;-1.06;-2.14
 9; 1507; 201 (C);-0.59;-0.69;-2.56;22.93;-3.21;-10.93;-0.56;-1.18
 9; 1507; 202 (C);0.62;-0.65;-2.00;42.72;-3.97;-18.30;-1.21;-1.52
 9; 1507; 203 (C);0.07;-0.72;-2.26;35.29;-3.59;-15.54;-0.95;-1.37
 9; 1508; 201 (C);-1.18;-1.15;-2.87;31.86;-1.74;-7.73;-0.44;-0.59
 9; 1508; 202 (C);-0.08;-1.32;-2.55;58.74;-1.84;-12.86;-1.07;-0.79
 9; 1508; 203 (C);-0.59;-1.29;-2.71;48.68;-1.73;-10.93;-0.81;-0.70
 9; 1509; 201 (C);-1.75;-1.03;-2.98;42.06;-0.85;-4.75;-0.25;-0.11
 9; 1509; 202 (C);-0.79;-1.23;-2.80;76.96;-0.72;-7.82;-0.86;-0.18
 9; 1509; 203 (C);-1.24;-1.17;-2.91;63.93;-0.72;-6.66;-0.61;-0.14
 9; 1510; 201 (C);-2.25;-0.54;-2.34;53.08;-0.35;-2.28;0.39;0.14
 9; 1510; 202 (C);-1.42;-0.66;-2.25;96.56;-0.23;-3.70;-0.19;0.15
 9; 1510; 203 (C);-1.83;-0.62;-2.31;80.36;-0.25;-3.16;0.05;0.15
 9; 1511; 201 (C);5.29;29.09;1.69;-15.85;-23.69;-16.30;-0.57;-7.92
 9; 1511; 202 (C);6.59;35.58;3.28;-27.44;-36.10;-27.89;-0.35;-8.88
 9; 1511; 203 (C);6.01;32.81;2.63;-23.22;-31.19;-23.58;-0.44;-8.48
 9; 1512; 201 (C);4.29;21.53;1.45;-10.40;-20.69;-17.02;-1.05;-6.79
 9; 1512; 202 (C);5.68;26.82;3.34;-17.80;-31.34;-29.08;-1.26;-7.76
 9; 1512; 203 (C);5.07;24.55;2.56;-15.15;-27.11;-24.59;-1.18;-7.36
 9; 1513; 201 (C);3.36;15.21;0.65;-5.23;-17.54;-17.19;-1.02;-5.66
 9; 1513; 202 (C);4.85;19.35;2.41;-8.53;-26.34;-29.30;-1.36;-6.55
 9; 1513; 203 (C);4.20;17.56;1.68;-7.41;-22.83;-24.79;-1.22;-6.18
 9; 1514; 201 (C);2.50;10.11;-0.12;-0.07;-14.34;-16.77;-0.92;-4.60
 9; 1514; 202 (C);4.06;13.20;1.42;0.78;-21.27;-28.50;-1.32;-5.41
 9; 1514; 203 (C);3.37;11.85;0.77;0.36;-18.48;-24.13;-1.16;-5.07
 9; 1515; 201 (C);1.70;6.11;-0.79;5.33;-11.22;-15.73;-0.81;-3.63
 9; 1515; 202 (C);3.31;8.29;0.51;10.60;-16.34;-26.66;-1.26;-4.34
 9; 1515; 203 (C);2.60;7.32;-0.04;8.53;-14.25;-22.58;-1.08;-4.04
 9; 1516; 201 (C);0.96;3.12;-1.34;11.28;-8.32;-14.11;-0.70;-2.76
 9; 1516; 202 (C);2.59;4.54;-0.30;21.40;-11.79;-23.83;-1.19;-3.35
 9; 1516; 203 (C);1.87;3.89;-0.75;17.54;-10.34;-20.20;-0.99;-3.10
 9; 1517; 201 (C);0.27;1.03;-1.80;18.05;-5.78;-11.98;-0.60;-1.98
 9; 1517; 202 (C);1.89;1.85;-1.01;33.65;-7.86;-20.16;-1.11;-2.45
 9; 1517; 203 (C);1.17;1.45;-1.35;27.76;-6.96;-17.10;-0.90;-2.25
 9; 1518; 201 (C);-0.37;-0.25;-2.16;25.84;-3.72;-9.52;-0.50;-1.29
 9; 1518; 202 (C);1.21;0.12;-1.59;47.69;-4.76;-15.94;-1.02;-1.64
 9; 1518; 203 (C);0.50;-0.08;-1.85;39.49;-4.27;-13.53;-0.81;-1.49
 9; 1519; 201 (C);-0.97;-0.84;-2.41;34.74;-2.19;-6.94;-0.40;-0.69
 9; 1519; 202 (C);0.54;-0.74;-2.02;63.63;-2.57;-11.55;-0.91;-0.92
 9; 1519; 203 (C);-0.14;-0.81;-2.20;52.83;-2.36;-9.82;-0.70;-0.82
 9; 1520; 201 (C);-1.53;-0.84;-2.48;44.65;-1.16;-4.48;-0.25;-0.21
 9; 1520; 202 (C);-0.10;-0.87;-2.21;81.29;-1.21;-7.39;-0.75;-0.32
 9; 1520; 203 (C);-0.75;-0.88;-2.35;67.61;-1.15;-6.29;-0.54;-0.27
 9; 1521; 201 (C);-2.00;-0.47;-1.94;55.25;-0.49;-2.27;0.27;0.08
 9; 1521; 202 (C);-0.66;-0.51;-1.77;100.14;-0.46;-3.71;-0.23;0.04
 9; 1521; 203 (C);-1.28;-0.50;-1.86;83.41;-0.45;-3.16;-0.02;0.06
 9; 1522; 201 (C);5.52;30.33;1.45;-16.75;-24.21;-13.74;-0.46;-8.03
 9; 1522; 202 (C);6.87;36.96;2.80;-28.96;-36.86;-23.53;-0.25;-8.89
 9; 1522; 203 (C);6.27;34.13;2.24;-24.52;-31.86;-19.89;-0.34;-8.53
 9; 1523; 201 (C);4.53;22.63;1.25;-10.81;-21.12;-14.30;-0.88;-6.91
 9; 1523; 202 (C);6.01;28.13;2.87;-18.44;-31.94;-24.45;-1.04;-7.80
 9; 1523; 203 (C);5.36;25.78;2.21;-15.70;-27.65;-20.67;-0.97;-7.43
 9; 1524; 201 (C);3.61;16.17;0.58;-5.09;-17.92;-14.39;-0.86;-5.77
 9; 1524; 202 (C);5.22;20.56;2.10;-8.23;-26.87;-24.55;-1.12;-6.61
 9; 1524; 203 (C);4.52;18.67;1.47;-7.17;-23.30;-20.77;-1.01;-6.26
 9; 1525; 201 (C);2.75;10.93;-0.07;0.63;-14.72;-13.99;-0.77;-4.71
 9; 1525; 202 (C);4.47;14.31;1.26;2.04;-21.80;-23.80;-1.09;-5.47
 9; 1525; 203 (C);3.72;12.84;0.71;1.41;-18.95;-20.15;-0.96;-5.16
 9; 1526; 201 (C);1.94;6.81;-0.63;6.59;-11.63;-13.10;-0.68;-3.74
 9; 1526; 202 (C);3.74;9.29;0.50;12.80;-16.94;-22.22;-1.04;-4.41
 9; 1526; 203 (C);2.95;8.20;0.03;10.39;-14.78;-18.82;-0.90;-4.13
 9; 1527; 201 (C);1.19;3.70;-1.10;13.03;-8.77;-11.76;-0.59;-2.87
 9; 1527; 202 (C);3.04;5.43;-0.17;24.43;-12.48;-19.89;-0.98;-3.44
 9; 1527; 203 (C);2.23;4.65;-0.57;20.10;-10.94;-16.85;-0.83;-3.20
 9; 1528; 201 (C);0.49;1.50;-1.48;20.17;-6.26;-10.05;-0.51;-2.08
 9; 1528; 202 (C);2.37;2.61;-0.75;37.30;-8.63;-16.93;-0.92;-2.54
 9; 1528; 203 (C);1.54;2.10;-1.07;30.85;-7.62;-14.36;-0.75;-2.35
 9; 1529; 201 (C);-0.16;0.11;-1.77;28.16;-4.18;-8.09;-0.43;-1.38
 9; 1529; 202 (C);1.71;0.75;-1.22;51.66;-5.51;-13.57;-0.84;-1.74
 9; 1529; 203 (C);0.89;0.44;-1.46;42.84;-4.92;-11.52;-0.68;-1.59
 9; 1530; 201 (C);-0.76;-0.58;-1.97;37.07;-2.57;-6.04;-0.35;-0.78
 9; 1530; 202 (C);1.09;-0.28;-1.56;67.58;-3.19;-10.06;-0.76;-1.03
 9; 1530; 203 (C);0.27;-0.43;-1.75;56.17;-2.88;-8.55;-0.59;-0.92
 9; 1531; 201 (C);-1.30;-0.69;-2.02;46.82;-1.40;-4.02;-0.23;-0.28
 9; 1531; 202 (C);0.50;-0.58;-1.71;84.95;-1.61;-6.65;-0.63;-0.43
 9; 1531; 203 (C);-0.30;-0.65;-1.86;70.71;-1.48;-5.66;-0.47;-0.36
 9; 1532; 201 (C);-1.75;-0.41;-1.57;57.26;-0.59;-2.10;0.19;0.03
 9; 1532; 202 (C);0.01;-0.40;-1.36;103.47;-0.63;-3.45;-0.23;-0.04
 9; 1532; 203 (C);-0.78;-0.41;-1.47;86.24;-0.59;-2.94;-0.05;-0.01
 9; 1533; 201 (C);5.71;31.34;1.18;-17.46;-24.69;-11.09;-0.35;-8.12
 9; 1533; 202 (C);7.09;38.09;2.29;-30.15;-37.58;-19.02;-0.18;-8.91
 9; 1533; 203 (C);6.48;35.22;1.83;-25.53;-32.50;-16.07;-0.25;-8.58
 9; 1534; 201 (C);4.72;23.54;1.03;-11.09;-21.54;-11.51;-0.70;-7.01
 9; 1534; 202 (C);6.26;29.20;2.37;-18.89;-32.59;-19.72;-0.82;-7.84
 9; 1534; 203 (C);5.58;26.78;1.82;-16.09;-28.21;-16.67;-0.77;-7.49
 9; 1535; 201 (C);3.81;16.96;0.49;-4.93;-18.32;-11.56;-0.69;-5.87
 9; 1535; 202 (C);5.51;21.56;1.74;-7.91;-27.47;-19.75;-0.89;-6.66
 9; 1535; 203 (C);4.77;19.59;1.23;-6.91;-23.83;-16.70;-0.81;-6.33
 9; 1536; 201 (C);2.95;11.61;-0.03;1.23;-15.12;-11.21;-0.62;-4.81
 9; 1536; 202 (C);4.79;15.22;1.07;3.13;-22.42;-19.12;-0.87;-5.53
 9; 1536; 203 (C);3.99;13.66;0.61;2.32;-19.49;-16.18;-0.77;-5.23
 9; 1537; 201 (C);2.14;7.39;-0.48;7.61;-12.05;-10.50;-0.55;-3.83
 9; 1537; 202 (C);4.09;10.11;0.46;14.60;-17.60;-17.85;-0.83;-4.47
 9; 1537; 203 (C);3.24;8.92;0.06;11.90;-15.35;-15.11;-0.72;-4.21
 9; 1538; 201 (C);1.38;4.18;-0.86;14.42;-9.21;-9.45;-0.48;-2.95
 9; 1538; 202 (C);3.41;6.15;-0.08;26.85;-13.18;-16.01;-0.78;-3.50
 9; 1538; 203 (C);2.53;5.28;-0.41;22.14;-11.55;-13.56;-0.66;-3.27
 9; 1539; 201 (C);0.68;1.89;-1.16;21.83;-6.70;-8.12;-0.42;-2.16
 9; 1539; 202 (C);2.76;3.22;-0.54;40.17;-9.33;-13.71;-0.73;-2.62
 9; 1539; 203 (C);1.85;2.62;-0.81;33.27;-8.22;-11.63;-0.60;-2.43
 9; 1540; 201 (C);0.03;0.40;-1.39;29.98;-4.58;-6.61;-0.35;-1.46
 9; 1540; 202 (C);2.14;1.24;-0.91;54.76;-6.15;-11.11;-0.67;-1.82
 9; 1540; 203 (C);1.22;0.86;-1.12;45.47;-5.46;-9.43;-0.54;-1.67
 9; 1541; 201 (C);-0.56;-0.38;-1.55;38.91;-2.87;-5.01;-0.29;-0.85
 9; 1541; 202 (C);1.55;0.09;-1.17;70.71;-3.68;-8.39;-0.61;-1.12
 9; 1541; 203 (C);0.62;-0.13;-1.34;58.82;-3.31;-7.12;-0.48;-1.00
 9; 1542; 201 (C);-1.09;-0.58;-1.58;48.62;-1.58;-3.41;-0.20;-0.34
 9; 1542; 202 (C);1.01;-0.36;-1.28;87.97;-1.91;-5.67;-0.51;-0.52
 9; 1542; 203 (C);0.09;-0.47;-1.42;73.28;-1.74;-4.82;-0.38;-0.44
 9; 1543; 201 (C);-1.52;-0.37;-1.23;59.03;-0.67;-1.81;0.13;-0.01
 9; 1543; 202 (C);0.57;-0.31;-1.02;106.40;-0.75;-3.00;-0.21;-0.11
 9; 1543; 203 (C);-0.36;-0.34;-1.12;88.73;-0.70;-2.55;-0.07;-0.06
 9; 1544; 201 (C);5.85;32.13;0.90;-17.99;-25.10;-8.38;-0.26;-8.18
 9; 1544; 202 (C);7.26;38.97;1.75;-31.06;-38.22;-14.42;-0.12;-8.92
 9; 1544; 203 (C);6.64;36.07;1.40;-26.30;-33.05;-12.18;-0.18;-8.61
 9; 1545; 201 (C);4.86;24.24;0.79;-11.29;-21.92;-8.69;-0.53;-7.08
 9; 1545; 202 (C);6.45;30.04;1.82;-19.20;-33.18;-14.93;-0.62;-7.87
 9; 1545; 203 (C);5.76;27.57;1.40;-16.36;-28.73;-12.61;-0.58;-7.54
 9; 1546; 201 (C);3.96;17.58;0.39;-4.79;-18.68;-8.71;-0.52;-5.94
 9; 1546; 202 (C);5.73;22.33;1.35;-7.64;-28.05;-14.94;-0.67;-6.69
 9; 1546; 203 (C);4.96;20.30;0.95;-6.68;-24.33;-12.63;-0.61;-6.38
 9; 1547; 201 (C);3.10;12.14;-0.01;1.70;-15.48;-8.45;-0.47;-4.88
 9; 1547; 202 (C);5.03;15.93;0.85;3.98;-23.00;-14.45;-0.65;-5.57
 9; 1547; 203 (C);4.19;14.30;0.49;3.04;-19.99;-12.22;-0.58;-5.28
 9; 1548; 201 (C);2.30;7.84;-0.35;8.40;-12.42;-7.91;-0.42;-3.90
 9; 1548; 202 (C);4.35;10.75;0.38;15.99;-18.20;-13.51;-0.62;-4.52
 9; 1548; 203 (C);3.46;9.48;0.08;13.07;-15.86;-11.43;-0.54;-4.26
 9; 1549; 201 (C);1.54;4.55;-0.64;15.47;-9.58;-7.14;-0.37;-3.02
 9; 1549; 202 (C);3.70;6.70;-0.02;28.69;-13.79;-12.15;-0.59;-3.56
 9; 1549; 203 (C);2.76;5.76;-0.28;23.69;-12.07;-10.28;-0.50;-3.33
 9; 1550; 201 (C);0.84;2.18;-0.86;23.08;-7.05;-6.17;-0.32;-2.22
 9; 1550; 202 (C);3.07;3.70;-0.36;42.34;-9.91;-10.46;-0.55;-2.68
 9; 1550; 203 (C);2.10;3.03;-0.57;35.09;-8.72;-8.86;-0.45;-2.49
 9; 1551; 201 (C);0.19;0.63;-1.03;31.34;-4.88;-5.06;-0.27;-1.52
 9; 1551; 202 (C);2.47;1.62;-0.63;57.11;-6.66;-8.56;-0.50;-1.89
 9; 1551; 203 (C);1.48;1.17;-0.80;47.46;-5.89;-7.26;-0.41;-1.73
 9; 1552; 201 (C);-0.39;-0.23;-1.14;40.32;-3.10;-3.88;-0.23;-0.90
 9; 1552; 202 (C);1.92;0.36;-0.82;73.12;-4.06;-6.54;-0.46;-1.18
 9; 1552; 203 (C);0.91;0.09;-0.96;60.86;-3.63;-5.55;-0.36;-1.06
 9; 1553; 201 (C);-0.91;-0.49;-1.17;50.04;-1.72;-2.68;-0.16;-0.38
 9; 1553; 202 (C);1.42;-0.19;-0.90;90.37;-2.13;-4.49;-0.39;-0.58
 9; 1553; 203 (C);0.40;-0.33;-1.02;75.31;-1.93;-3.81;-0.29;-0.49
 9; 1554; 201 (C);-1.33;-0.33;-0.91;60.48;-0.72;-1.44;0.08;-0.04
 9; 1554; 202 (C);1.02;-0.24;-0.72;108.82;-0.84;-2.40;-0.18;-0.15
 9; 1554; 203 (C);-0.01;-0.28;-0.80;90.79;-0.78;-2.04;-0.07;-0.10
 9; 1555; 201 (C);5.95;32.70;0.61;-18.37;-25.41;-5.64;-0.17;-8.23
 9; 1555; 202 (C);7.38;39.61;1.20;-31.71;-38.73;-9.76;-0.08;-8.93
 9; 1555; 203 (C);6.75;36.68;0.96;-26.85;-33.49;-8.24;-0.12;-8.64
 9; 1556; 201 (C);4.97;24.75;0.54;-11.43;-22.22;-5.85;-0.35;-7.13
 9; 1556; 202 (C);6.59;30.65;1.25;-19.42;-33.66;-10.11;-0.42;-7.89
 9; 1556; 203 (C);5.88;28.14;0.96;-16.55;-29.15;-8.53;-0.39;-7.58
 9; 1557; 201 (C);4.07;18.03;0.26;-4.69;-18.97;-5.86;-0.35;-5.99
 9; 1557; 202 (C);5.88;22.89;0.93;-7.43;-28.53;-10.12;-0.45;-6.72
 9; 1557; 203 (C);5.10;20.82;0.66;-6.51;-24.74;-8.54;-0.41;-6.42
 9; 1558; 201 (C);3.22;12.53;-0.00;2.05;-15.77;-5.68;-0.32;-4.93
 9; 1558; 202 (C);5.20;16.44;0.59;4.59;-23.48;-9.80;-0.44;-5.60
 9; 1558; 203 (C);4.34;14.76;0.35;3.55;-20.40;-8.27;-0.39;-5.32
 9; 1559; 201 (C);2.41;8.16;-0.23;8.96;-12.71;-5.33;-0.28;-3.95
 9; 1559; 202 (C);4.54;11.20;0.28;16.97;-18.68;-9.17;-0.42;-4.56
 9; 1559; 203 (C);3.62;9.89;0.07;13.90;-16.27;-7.75;-0.36;-4.30
 9; 1560; 201 (C);1.65;4.82;-0.42;16.21;-9.87;-4.82;-0.25;-3.07
 9; 1560; 202 (C);3.91;7.10;0.01;29.98;-14.26;-8.28;-0.39;-3.60
 9; 1560; 203 (C);2.93;6.11;-0.17;24.77;-12.47;-6.99;-0.33;-3.37
 9; 1561; 201 (C);0.95;2.39;-0.57;23.96;-7.31;-4.18;-0.21;-2.27
 9; 1561; 202 (C);3.29;4.03;-0.21;43.85;-10.35;-7.17;-0.37;-2.72
 9; 1561; 203 (C);2.28;3.31;-0.36;36.37;-9.09;-6.06;-0.31;-2.53
 9; 1562; 201 (C);0.31;0.78;-0.68;32.30;-5.10;-3.45;-0.18;-1.56
 9; 1562; 202 (C);2.72;1.89;-0.39;58.77;-7.02;-5.91;-0.34;-1.93
 9; 1562; 203 (C);1.67;1.40;-0.52;48.85;-6.20;-5.00;-0.28;-1.77
 9; 1563; 201 (C);-0.26;-0.12;-0.76;41.33;-3.26;-2.67;-0.15;-0.94
 9; 1563; 202 (C);2.19;0.56;-0.52;74.84;-4.32;-4.56;-0.31;-1.23
 9; 1563; 203 (C);1.12;0.25;-0.62;62.31;-3.85;-3.86;-0.25;-1.10
 9; 1564; 201 (C);-0.77;-0.42;-0.77;51.07;-1.81;-1.86;-0.11;-0.41
 9; 1564; 202 (C);1.72;-0.08;-0.57;92.12;-2.28;-3.16;-0.26;-0.63
 9; 1564; 203 (C);0.63;-0.24;-0.66;76.80;-2.06;-2.68;-0.20;-0.53
 9; 1565; 201 (C);-1.18;-0.31;-0.60;61.57;-0.76;-1.01;0.05;-0.06
 9; 1565; 202 (C);1.34;-0.19;-0.45;110.65;-0.91;-1.70;-0.13;-0.19
 9; 1565; 203 (C);0.24;-0.25;-0.52;92.34;-0.83;-1.44;-0.06;-0.13
 9; 1566; 201 (C);6.01;33.04;0.31;-18.60;-25.61;-2.89;-0.09;-8.25
 9; 1566; 202 (C);7.45;40.02;0.63;-32.11;-39.08;-5.08;-0.04;-8.94
 9; 1566; 203 (C);6.82;37.06;0.50;-27.19;-33.79;-4.27;-0.06;-8.66
 9; 1567; 201 (C);5.03;25.06;0.27;-11.51;-22.41;-2.99;-0.18;-7.16
 9; 1567; 202 (C);6.67;31.02;0.66;-19.56;-34.01;-5.27;-0.22;-7.91
 9; 1567; 203 (C);5.96;28.49;0.51;-16.67;-29.44;-4.43;-0.21;-7.60
 9; 1568; 201 (C);4.13;18.30;0.13;-4.62;-19.17;-3.00;-0.18;-6.03
 9; 1568; 202 (C);5.98;23.24;0.50;-7.31;-28.86;-5.29;-0.24;-6.74
 9; 1568; 203 (C);5.18;21.13;0.35;-6.41;-25.02;-4.45;-0.21;-6.44
 9; 1569; 201 (C);3.28;12.76;-0.00;2.25;-15.96;-2.92;-0.16;-4.96
 9; 1569; 202 (C);5.31;16.75;0.32;4.96;-23.81;-5.14;-0.23;-5.62
 9; 1569; 203 (C);4.43;15.04;0.19;3.85;-20.68;-4.32;-0.20;-5.35
 9; 1570; 201 (C);2.48;8.36;-0.12;9.29;-12.90;-2.74;-0.14;-3.98
 9; 1570; 202 (C);4.66;11.48;0.16;17.55;-19.00;-4.83;-0.22;-4.58
 9; 1570; 203 (C);3.72;10.13;0.05;14.39;-16.54;-4.06;-0.19;-4.33
 9; 1571; 201 (C);1.73;4.98;-0.21;16.65;-10.04;-2.49;-0.13;-3.09
 9; 1571; 202 (C);4.03;7.34;0.02;30.74;-14.56;-4.38;-0.20;-3.62
 9; 1571; 203 (C);3.04;6.31;-0.07;25.42;-12.73;-3.69;-0.17;-3.40
 9; 1572; 201 (C);1.03;2.52;-0.29;24.48;-7.47;-2.17;-0.11;-2.29
 9; 1572; 202 (C);3.43;4.23;-0.09;44.76;-10.62;-3.83;-0.19;-2.75
 9; 1572; 203 (C);2.39;3.48;-0.17;37.14;-9.32;-3.22;-0.16;-2.55
 9; 1573; 201 (C);0.39;0.88;-0.35;32.88;-5.23;-1.80;-0.09;-1.58
 9; 1573; 202 (C);2.87;2.04;-0.18;59.76;-7.24;-3.18;-0.17;-1.96
 9; 1573; 203 (C);1.80;1.53;-0.25;49.69;-6.39;-2.68;-0.14;-1.80
 9; 1574; 201 (C);-0.19;-0.05;-0.38;41.93;-3.35;-1.40;-0.08;-0.96
 9; 1574; 202 (C);2.35;0.67;-0.24;75.89;-4.48;-2.48;-0.16;-1.26
 9; 1574; 203 (C);1.25;0.35;-0.30;63.20;-3.99;-2.09;-0.13;-1.13
 9; 1575; 201 (C);-0.69;-0.39;-0.39;51.71;-1.86;-0.98;-0.06;-0.43
 9; 1575; 202 (C);1.90;-0.01;-0.26;93.22;-2.37;-1.74;-0.14;-0.65
 9; 1575; 203 (C);0.77;-0.18;-0.31;77.72;-2.13;-1.46;-0.10;-0.56
 9; 1576; 201 (C);-1.09;-0.30;-0.30;62.25;-0.78;-0.53;0.02;-0.08
 9; 1576; 202 (C);1.54;-0.16;-0.21;111.83;-0.94;-0.94;-0.07;-0.21
 9; 1576; 203 (C);0.39;-0.22;-0.25;93.34;-0.86;-0.79;-0.03;-0.15
 9; 1577; 201 (C);6.03;33.17;0.00;-18.69;-25.71;-0.12;-0.00;-8.27
 9; 1577; 202 (C);7.48;40.17;0.06;-32.27;-39.27;-0.38;-0.00;-8.95
 9; 1577; 203 (C);6.85;37.21;0.04;-27.33;-33.95;-0.29;-0.00;-8.67
 9; 1578; 201 (C);5.05;25.17;0.00;-11.54;-22.50;-0.13;-0.01;-7.17
 9; 1578; 202 (C);6.71;31.17;0.07;-19.63;-34.18;-0.42;-0.03;-7.92
 9; 1578; 203 (C);5.99;28.62;0.05;-16.73;-29.58;-0.32;-0.02;-7.61
 9; 1579; 201 (C);4.16;18.39;-0.00;-4.60;-19.25;-0.14;-0.01;-6.04
 9; 1579; 202 (C);6.02;23.37;0.05;-7.29;-29.02;-0.45;-0.03;-6.75
 9; 1579; 203 (C);5.21;21.25;0.04;-6.39;-25.15;-0.35;-0.02;-6.46
 9; 1580; 201 (C);3.31;12.84;-0.01;2.32;-16.04;-0.15;-0.01;-4.97
 9; 1580; 202 (C);5.35;16.86;0.04;5.07;-23.96;-0.47;-0.02;-5.63
 9; 1580; 203 (C);4.47;15.14;0.03;3.95;-20.81;-0.36;-0.02;-5.36
 9; 1581; 201 (C);2.50;8.42;-0.01;9.40;-12.97;-0.15;-0.00;-3.99
 9; 1581; 202 (C);4.71;11.58;0.03;17.74;-19.13;-0.48;-0.02;-4.59
 9; 1581; 203 (C);3.76;10.22;0.02;14.55;-16.66;-0.37;-0.01;-4.34
 9; 1582; 201 (C);1.75;5.03;-0.01;16.80;-10.11;-0.15;-0.00;-3.10
 9; 1582; 202 (C);4.08;7.42;0.03;31.00;-14.69;-0.47;-0.01;-3.63
 9; 1582; 203 (C);3.08;6.39;0.02;25.64;-12.83;-0.36;-0.01;-3.41
 9; 1583; 201 (C);1.05;2.57;-0.01;24.66;-7.53;-0.14;-0.00;-2.30
 9; 1583; 202 (C);3.49;4.30;0.03;45.07;-10.72;-0.45;-0.01;-2.76
 9; 1583; 203 (C);2.44;3.54;0.02;37.40;-9.41;-0.35;-0.01;-2.56
 9; 1584; 201 (C);0.42;0.91;-0.01;33.08;-5.28;-0.13;-0.00;-1.59
 9; 1584; 202 (C);2.93;2.10;0.03;60.13;-7.32;-0.42;-0.01;-1.97
 9; 1584; 203 (C);1.84;1.57;0.02;50.00;-6.46;-0.32;-0.01;-1.81
 9; 1585; 201 (C);-0.16;-0.03;-0.01;42.15;-3.38;-0.11;-0.00;-0.97
 9; 1585; 202 (C);2.42;0.71;0.03;76.29;-4.54;-0.36;-0.01;-1.27
 9; 1585; 203 (C);1.30;0.38;0.02;63.53;-4.03;-0.27;-0.01;-1.14
 9; 1586; 201 (C);-0.66;-0.38;-0.01;51.94;-1.88;-0.08;-0.00;-0.44
 9; 1586; 202 (C);1.96;0.01;0.03;93.66;-2.41;-0.27;-0.01;-0.66
 9; 1586; 203 (C);0.82;-0.16;0.02;78.09;-2.16;-0.21;-0.01;-0.56
 9; 1587; 201 (C);-1.06;-0.29;-0.01;62.51;-0.79;-0.05;0.00;-0.08
 9; 1587; 202 (C);1.61;-0.15;0.02;112.31;-0.95;-0.15;-0.01;-0.21
 9; 1587; 203 (C);0.45;-0.22;0.01;93.74;-0.87;-0.12;-0.01;-0.15
 9; 1588; 201 (C);6.01;33.07;-0.30;-18.63;-25.68;2.65;0.08;-8.26
 9; 1588; 202 (C);7.47;40.09;-0.52;-32.21;-39.29;4.34;0.03;-8.96
 9; 1588; 203 (C);6.83;37.12;-0.42;-27.27;-33.95;3.70;0.05;-8.67
 9; 1589; 201 (C);5.04;25.08;-0.27;-11.53;-22.47;2.73;0.16;-7.17
 9; 1589; 202 (C);6.69;31.08;-0.53;-19.63;-34.19;4.45;0.17;-7.92
 9; 1589; 203 (C);5.97;28.54;-0.41;-16.73;-29.57;3.80;0.17;-7.61
 9; 1590; 201 (C);4.14;18.31;-0.14;-4.64;-19.21;2.72;0.16;-6.03
 9; 1590; 202 (C);6.00;23.28;-0.39;-7.36;-29.01;4.41;0.19;-6.75
 9; 1590; 203 (C);5.20;21.17;-0.28;-6.45;-25.14;3.77;0.18;-6.45
 9; 1591; 201 (C);3.29;12.77;-0.01;2.25;-16.00;2.63;0.15;-4.96
 9; 1591; 202 (C);5.33;16.78;-0.24;4.93;-23.92;4.22;0.19;-5.63
 9; 1591; 203 (C);4.45;15.06;-0.14;3.83;-20.77;3.61;0.17;-5.35
 9; 1592; 201 (C);2.48;8.36;0.10;9.29;-12.93;2.45;0.13;-3.99
 9; 1592; 202 (C);4.68;11.50;-0.10;17.55;-19.09;3.89;0.18;-4.59
 9; 1592; 203 (C);3.74;10.15;-0.01;14.38;-16.62;3.34;0.16;-4.34
 9; 1593; 201 (C);1.73;4.98;0.19;16.66;-10.07;2.20;0.12;-3.10
 9; 1593; 202 (C);4.06;7.35;0.03;30.76;-14.63;3.45;0.18;-3.63
 9; 1593; 203 (C);3.05;6.32;0.10;25.43;-12.78;2.97;0.15;-3.40
 9; 1594; 201 (C);1.03;2.52;0.26;24.50;-7.49;1.89;0.10;-2.30
 9; 1594; 202 (C);3.46;4.23;0.14;44.81;-10.66;2.93;0.17;-2.75
 9; 1594; 203 (C);2.41;3.48;0.20;37.18;-9.35;2.53;0.14;-2.56
 9; 1595; 201 (C);0.39;0.88;0.32;32.91;-5.24;1.55;0.09;-1.58
 9; 1595; 202 (C);2.89;2.04;0.23;59.86;-7.27;2.36;0.16;-1.96
 9; 1595; 203 (C);1.81;1.53;0.28;49.77;-6.41;2.04;0.13;-1.80
 9; 1596; 201 (C);-0.18;-0.05;0.36;41.98;-3.36;1.19;0.08;-0.96
 9; 1596; 202 (C);2.37;0.67;0.30;76.04;-4.50;1.78;0.14;-1.26
 9; 1596; 203 (C);1.26;0.35;0.33;63.31;-4.00;1.54;0.12;-1.13
 9; 1597; 201 (C);-0.69;-0.39;0.37;51.77;-1.86;0.82;0.06;-0.43
 9; 1597; 202 (C);1.91;-0.01;0.32;93.42;-2.38;1.20;0.12;-0.65
 9; 1597; 203 (C);0.78;-0.18;0.35;77.88;-2.14;1.05;0.09;-0.56
 9; 1598; 201 (C);-1.09;-0.30;0.28;62.33;-0.78;0.44;-0.02;-0.08
 9; 1598; 202 (C);1.55;-0.16;0.26;112.09;-0.94;0.64;0.05;-0.21
 9; 1598; 203 (C);0.40;-0.22;0.28;93.54;-0.86;0.56;0.02;-0.15
 9; 1599; 201 (C);5.96;32.75;-0.60;-18.44;-25.54;5.42;0.17;-8.24
 9; 1599; 202 (C);7.41;39.77;-1.09;-31.90;-39.14;9.07;0.07;-8.96
 9; 1599; 203 (C);6.78;36.80;-0.88;-27.00;-33.81;7.70;0.11;-8.66
 9; 1600; 201 (C);4.98;24.79;-0.53;-11.47;-22.33;5.60;0.34;-7.14
 9; 1600; 202 (C);6.63;30.77;-1.12;-19.57;-34.02;9.33;0.37;-7.92
 9; 1600; 203 (C);5.91;28.23;-0.87;-16.66;-29.42;7.93;0.35;-7.60
 9; 1601; 201 (C);4.08;18.06;-0.27;-4.71;-19.07;5.59;0.33;-6.00
 9; 1601; 202 (C);5.93;22.98;-0.83;-7.53;-28.82;9.28;0.40;-6.75
 9; 1601; 203 (C);5.13;20.88;-0.59;-6.59;-24.97;7.89;0.37;-6.44
 9; 1602; 201 (C);3.23;12.55;-0.01;2.04;-15.85;5.40;0.30;-4.94
 9; 1602; 202 (C);5.25;16.49;-0.52;4.53;-23.72;8.92;0.40;-5.62
 9; 1602; 203 (C);4.38;14.80;-0.30;3.50;-20.59;7.60;0.36;-5.34
 9; 1603; 201 (C);2.42;8.17;0.21;8.96;-12.77;5.05;0.27;-3.96
 9; 1603; 202 (C);4.59;11.24;-0.22;16.95;-18.86;8.27;0.39;-4.58
 9; 1603; 203 (C);3.65;9.92;-0.03;13.89;-16.41;7.05;0.34;-4.32
 9; 1604; 201 (C);1.66;4.83;0.40;16.23;-9.91;4.54;0.24;-3.07
 9; 1604; 202 (C);3.95;7.12;0.04;30.01;-14.39;7.38;0.37;-3.61
 9; 1604; 203 (C);2.96;6.12;0.20;24.80;-12.57;6.30;0.32;-3.38
 9; 1605; 201 (C);0.96;2.40;0.55;24.00;-7.35;3.92;0.21;-2.27
 9; 1605; 202 (C);3.34;4.04;0.27;43.95;-10.43;6.30;0.35;-2.73
 9; 1605; 203 (C);2.31;3.32;0.40;36.45;-9.16;5.39;0.29;-2.54
 9; 1606; 201 (C);0.32;0.79;0.66;32.37;-5.12;3.21;0.18;-1.56
 9; 1606; 202 (C);2.76;1.88;0.45;58.95;-7.07;5.10;0.32;-1.94
 9; 1606; 203 (C);1.70;1.39;0.55;49.00;-6.24;4.38;0.27;-1.78
 9; 1607; 201 (C);-0.26;-0.12;0.73;41.41;-3.27;2.47;0.15;-0.94
 9; 1607; 202 (C);2.22;0.55;0.58;75.12;-4.35;3.87;0.29;-1.23
 9; 1607; 203 (C);1.15;0.25;0.66;62.53;-3.88;3.33;0.24;-1.11
 9; 1608; 201 (C);-0.77;-0.43;0.75;51.19;-1.81;1.70;0.11;-0.41
 9; 1608; 202 (C);1.75;-0.08;0.63;92.52;-2.30;2.63;0.25;-0.63
 9; 1608; 203 (C);0.65;-0.24;0.70;77.10;-2.07;2.27;0.19;-0.53
 9; 1609; 201 (C);-1.18;-0.31;0.58;61.73;-0.76;0.92;-0.04;-0.06
 9; 1609; 202 (C);1.37;-0.19;0.50;111.18;-0.91;1.40;0.10;-0.19
 9; 1609; 203 (C);0.26;-0.25;0.55;92.75;-0.83;1.21;0.04;-0.13
 9; 1610; 201 (C);5.86;32.21;-0.90;-18.09;-25.29;8.18;0.25;-8.19
 9; 1610; 202 (C);7.31;39.20;-1.65;-31.35;-38.84;13.79;0.11;-8.96
 9; 1610; 203 (C);6.68;36.24;-1.34;-26.53;-33.53;11.69;0.17;-8.65
 9; 1611; 201 (C);4.88;24.30;-0.79;-11.36;-22.09;8.46;0.51;-7.09
 9; 1611; 202 (C);6.51;30.21;-1.70;-19.42;-33.71;14.23;0.57;-7.91
 9; 1611; 203 (C);5.80;27.71;-1.32;-16.53;-29.14;12.07;0.55;-7.57
 9; 1612; 201 (C);3.97;17.62;-0.39;-4.83;-18.83;8.46;0.50;-5.95
 9; 1612; 202 (C);5.79;22.46;-1.26;-7.79;-28.49;14.18;0.62;-6.73
 9; 1612; 203 (C);5.01;20.40;-0.89;-6.80;-24.67;12.04;0.58;-6.41
 9; 1613; 201 (C);3.12;12.17;-0.01;1.69;-15.60;8.19;0.46;-4.89
 9; 1613; 202 (C);5.10;16.01;-0.78;3.89;-23.35;13.65;0.62;-5.60
 9; 1613; 203 (C);4.24;14.36;-0.45;2.96;-20.27;11.60;0.55;-5.31
 9; 1614; 201 (C);2.31;7.86;0.33;8.40;-12.51;7.65;0.41;-3.91
 9; 1614; 202 (C);4.42;10.80;-0.33;15.96;-18.46;12.68;0.59;-4.55
 9; 1614; 203 (C);3.51;9.52;-0.04;13.05;-16.07;10.79;0.52;-4.28
 9; 1615; 201 (C);1.55;4.56;0.61;15.50;-9.65;6.88;0.36;-3.03
 9; 1615; 202 (C);3.76;6.73;0.07;28.73;-13.98;11.31;0.57;-3.58
 9; 1615; 203 (C);2.81;5.78;0.31;23.72;-12.22;9.64;0.48;-3.35
 9; 1616; 201 (C);0.85;2.19;0.84;23.14;-7.10;5.92;0.31;-2.23
 9; 1616; 202 (C);3.13;3.70;0.42;42.48;-10.04;9.64;0.53;-2.69
 9; 1616; 203 (C);2.15;3.03;0.61;35.21;-8.82;8.23;0.44;-2.50
 9; 1617; 201 (C);0.20;0.63;1.01;31.43;-4.91;4.84;0.27;-1.52
 9; 1617; 202 (C);2.53;1.62;0.69;57.38;-6.73;7.79;0.49;-1.90
 9; 1617; 203 (C);1.52;1.17;0.84;47.66;-5.95;6.67;0.40;-1.74
 9; 1618; 201 (C);-0.38;-0.23;1.12;40.45;-3.12;3.69;0.23;-0.90
 9; 1618; 202 (C);1.97;0.36;0.89;73.54;-4.10;5.87;0.45;-1.19
 9; 1618; 203 (C);0.95;0.09;1.00;61.18;-3.66;5.04;0.36;-1.07
 9; 1619; 201 (C);-0.90;-0.49;1.15;50.21;-1.73;2.53;0.16;-0.38
 9; 1619; 202 (C);1.47;-0.20;0.97;90.96;-2.15;3.97;0.38;-0.58
 9; 1619; 203 (C);0.43;-0.34;1.06;75.76;-1.94;3.42;0.29;-0.50
 9; 1620; 201 (C);-1.32;-0.33;0.89;60.71;-0.73;1.35;-0.08;-0.04
 9; 1620; 202 (C);1.06;-0.24;0.77;109.61;-0.85;2.11;0.15;-0.15
 9; 1620; 203 (C);0.01;-0.29;0.84;91.39;-0.78;1.82;0.05;-0.10
 9; 1621; 201 (C);5.72;31.44;-1.18;-17.58;-24.95;10.91;0.35;-8.13
 9; 1621; 202 (C);7.16;38.38;-2.20;-30.52;-38.40;18.50;0.17;-8.96
 9; 1621; 203 (C);6.53;35.45;-1.78;-25.82;-33.13;15.67;0.25;-8.62
 9; 1622; 201 (C);4.73;23.61;-1.04;-11.18;-21.77;11.31;0.69;-7.03
 9; 1622; 202 (C);6.34;29.43;-2.26;-19.17;-33.29;19.12;0.78;-7.89
 9; 1622; 203 (C);5.64;26.96;-1.75;-16.31;-28.76;16.21;0.74;-7.54
 9; 1623; 201 (C);3.83;17.02;-0.50;-4.99;-18.51;11.34;0.68;-5.89
 9; 1623; 202 (C);5.59;21.71;-1.66;-8.12;-28.05;19.10;0.85;-6.71
 9; 1623; 203 (C);4.83;19.71;-1.17;-7.07;-24.28;16.20;0.78;-6.37
 9; 1624; 201 (C);2.97;11.65;0.01;1.20;-15.27;10.99;0.61;-4.82
 9; 1624; 202 (C);4.87;15.32;-1.01;2.99;-22.88;18.42;0.84;-5.57
 9; 1624; 203 (C);4.05;13.74;-0.57;2.22;-19.85;15.64;0.75;-5.26
 9; 1625; 201 (C);2.16;7.41;0.46;7.61;-12.17;10.27;0.55;-3.85
 9; 1625; 202 (C);4.17;10.17;-0.41;14.54;-17.94;17.12;0.81;-4.51
 9; 1625; 203 (C);3.30;8.97;-0.03;11.86;-15.62;14.54;0.70;-4.23
 9; 1626; 201 (C);1.40;4.19;0.84;14.45;-9.30;9.21;0.48;-2.96
 9; 1626; 202 (C);3.50;6.17;0.13;26.89;-13.43;15.25;0.77;-3.53
 9; 1626; 203 (C);2.59;5.30;0.44;22.17;-11.74;12.98;0.65;-3.29
 9; 1627; 201 (C);0.69;1.89;1.14;21.90;-6.76;7.90;0.42;-2.17
 9; 1627; 202 (C);2.84;3.23;0.59;40.34;-9.49;12.96;0.72;-2.64
 9; 1627; 203 (C);1.91;2.63;0.84;33.40;-8.35;11.05;0.60;-2.44
 9; 1628; 201 (C);0.04;0.40;1.37;30.09;-4.62;6.40;0.35;-1.46
 9; 1628; 202 (C);2.21;1.23;0.97;55.10;-6.25;10.40;0.67;-1.84
 9; 1628; 203 (C);1.27;0.85;1.16;45.73;-5.54;8.88;0.54;-1.68
 9; 1629; 201 (C);-0.55;-0.38;1.52;39.08;-2.90;4.83;0.29;-0.85
 9; 1629; 202 (C);1.61;0.07;1.24;71.25;-3.73;7.75;0.60;-1.13
 9; 1629; 203 (C);0.67;-0.15;1.38;59.23;-3.35;6.64;0.48;-1.01
 9; 1630; 201 (C);-1.08;-0.58;1.56;48.85;-1.60;3.27;0.20;-0.34
 9; 1630; 202 (C);1.07;-0.37;1.35;88.74;-1.93;5.18;0.50;-0.52
 9; 1630; 203 (C);0.13;-0.48;1.47;73.87;-1.76;4.44;0.38;-0.44
 9; 1631; 201 (C);-1.52;-0.37;1.22;59.33;-0.67;1.73;-0.12;-0.01
 9; 1631; 202 (C);0.62;-0.31;1.08;107.43;-0.76;2.71;0.19;-0.10
 9; 1631; 203 (C);-0.32;-0.34;1.16;89.52;-0.70;2.34;0.06;-0.06
 9; 1632; 201 (C);5.54;30.44;-1.45;-16.90;-24.52;13.60;0.45;-8.05
 9; 1632; 202 (C);6.95;37.31;-2.73;-29.40;-37.86;23.14;0.25;-8.96
 9; 1632; 203 (C);6.34;34.41;-2.20;-24.86;-32.64;19.58;0.33;-8.59
 9; 1633; 201 (C);4.55;22.72;-1.26;-10.91;-21.39;14.14;0.86;-6.94
 9; 1633; 202 (C);6.10;28.40;-2.79;-18.78;-32.81;23.99;1.00;-7.87
 9; 1633; 203 (C);5.42;25.99;-2.15;-15.97;-28.32;20.31;0.95;-7.49
 9; 1634; 201 (C);3.63;16.24;-0.60;-5.16;-18.15;14.21;0.85;-5.80
 9; 1634; 202 (C);5.32;20.75;-2.03;-8.49;-27.58;24.03;1.09;-6.67
 9; 1634; 203 (C);4.59;18.82;-1.42;-7.37;-23.85;20.36;0.99;-6.31
 9; 1635; 201 (C);2.77;10.97;0.05;0.59;-14.91;13.80;0.77;-4.73
 9; 1635; 202 (C);4.57;14.43;-1.21;1.86;-22.37;23.23;1.07;-5.52
 9; 1635; 203 (C);3.79;12.93;-0.68;1.28;-19.39;19.71;0.95;-5.20
 9; 1636; 201 (C);1.96;6.84;0.61;6.58;-11.77;12.90;0.68;-3.76
 9; 1636; 202 (C);3.84;9.36;-0.45;12.70;-17.36;21.61;1.03;-4.46
 9; 1636; 203 (C);3.03;8.25;0.00;10.32;-15.11;18.35;0.89;-4.17
 9; 1637; 201 (C);1.20;3.72;1.07;13.06;-8.88;11.56;0.59;-2.88
 9; 1637; 202 (C);3.14;5.45;0.22;24.45;-12.78;19.24;0.98;-3.47
 9; 1637; 203 (C);2.30;4.68;0.60;20.12;-11.18;16.35;0.82;-3.22
 9; 1638; 201 (C);0.50;1.51;1.45;20.24;-6.34;9.85;0.51;-2.09
 9; 1638; 202 (C);2.46;2.61;0.81;37.48;-8.82;16.26;0.92;-2.57
 9; 1638; 203 (C);1.61;2.10;1.10;30.99;-7.77;13.85;0.75;-2.37
 9; 1639; 201 (C);-0.15;0.11;1.75;28.29;-4.23;7.91;0.43;-1.39
 9; 1639; 202 (C);1.80;0.73;1.29;52.03;-5.62;12.91;0.85;-1.76
 9; 1639; 203 (C);0.95;0.43;1.51;43.14;-5.01;11.02;0.68;-1.60
 9; 1640; 201 (C);-0.75;-0.59;1.95;37.26;-2.60;5.87;0.35;-0.78
 9; 1640; 202 (C);1.16;-0.30;1.64;68.21;-3.24;9.47;0.76;-1.04
 9; 1640; 203 (C);0.32;-0.45;1.80;56.65;-2.93;8.10;0.59;-0.93
 9; 1641; 201 (C);-1.30;-0.70;2.00;47.10;-1.41;3.89;0.24;-0.28
 9; 1641; 202 (C);0.57;-0.60;1.79;85.89;-1.63;6.18;0.63;-0.43
 9; 1641; 203 (C);-0.26;-0.66;1.91;71.43;-1.50;5.30;0.47;-0.36
 9; 1642; 201 (C);-1.75;-0.41;1.56;57.63;-0.60;2.03;-0.18;0.03
 9; 1642; 202 (C);0.06;-0.41;1.43;104.74;-0.63;3.17;0.22;-0.04
 9; 1642; 203 (C);-0.74;-0.42;1.51;87.21;-0.60;2.73;0.04;-0.01
 9; 1643; 201 (C);5.31;29.22;-1.71;-16.02;-24.05;16.19;0.56;-7.95
 9; 1643; 202 (C);6.69;35.98;-3.23;-27.94;-37.27;27.64;0.34;-8.96
 9; 1643; 203 (C);6.09;33.12;-2.59;-23.62;-32.10;23.37;0.44;-8.54
 9; 1644; 201 (C);4.31;21.63;-1.46;-10.52;-21.00;16.90;1.04;-6.82
 9; 1644; 202 (C);5.79;27.13;-3.27;-18.20;-32.35;28.77;1.23;-7.84
 9; 1644; 203 (C);5.14;24.79;-2.51;-15.46;-27.90;24.35;1.16;-7.42
 9; 1645; 201 (C);3.39;15.29;-0.67;-5.30;-17.81;17.06;1.02;-5.68
 9; 1645; 202 (C);4.96;19.56;-2.35;-8.84;-27.19;28.95;1.33;-6.63
 9; 1645; 203 (C);4.28;17.73;-1.64;-7.65;-23.48;24.51;1.21;-6.24
 9; 1646; 201 (C);2.52;10.16;0.10;-0.12;-14.56;16.63;0.92;-4.62
 9; 1646; 202 (C);4.18;13.33;-1.37;0.55;-21.94;28.10;1.31;-5.47
 9; 1646; 203 (C);3.46;11.95;-0.75;0.18;-19.00;23.81;1.15;-5.12
 9; 1647; 201 (C);1.72;6.14;0.76;5.32;-11.39;15.58;0.81;-3.65
 9; 1647; 202 (C);3.42;8.36;-0.46;10.45;-16.84;26.20;1.26;-4.39
 9; 1647; 203 (C);2.68;7.38;0.06;8.43;-14.64;22.23;1.08;-4.08
 9; 1648; 201 (C);0.97;3.14;1.32;11.31;-8.44;13.95;0.70;-2.78
 9; 1648; 202 (C);2.69;4.56;0.35;21.38;-12.14;23.31;1.20;-3.39
 9; 1648; 203 (C);1.94;3.91;0.78;17.53;-10.61;19.80;1.00;-3.14
 9; 1649; 201 (C);0.28;1.04;1.78;18.13;-5.86;11.82;0.60;-1.99
 9; 1649; 202 (C);1.99;1.83;1.07;33.80;-8.09;19.60;1.12;-2.48
 9; 1649; 203 (C);1.24;1.45;1.39;27.89;-7.13;16.67;0.91;-2.27
 9; 1650; 201 (C);-0.37;-0.26;2.14;25.98;-3.77;9.36;0.51;-1.30
 9; 1650; 202 (C);1.30;0.09;1.66;48.08;-4.88;15.37;1.03;-1.66
 9; 1650; 203 (C);0.57;-0.10;1.89;39.80;-4.37;13.10;0.82;-1.50
 9; 1651; 201 (C);-0.97;-0.85;2.39;34.96;-2.22;6.80;0.41;-0.70
 9; 1651; 202 (C);0.62;-0.78;2.11;64.34;-2.62;11.00;0.92;-0.93
 9; 1651; 203 (C);-0.09;-0.84;2.26;53.37;-2.40;9.40;0.71;-0.83
 9; 1652; 201 (C);-1.53;-0.85;2.47;44.96;-1.17;4.37;0.26;-0.21
 9; 1652; 202 (C);-0.04;-0.90;2.31;82.37;-1.23;6.94;0.75;-0.32
 9; 1652; 203 (C);-0.71;-0.90;2.41;68.44;-1.16;5.95;0.55;-0.27
 9; 1653; 201 (C);-2.00;-0.47;1.93;55.68;-0.49;2.20;-0.26;0.08
 9; 1653; 202 (C);-0.61;-0.53;1.84;101.65;-0.46;3.44;0.21;0.05
 9; 1653; 203 (C);-1.24;-0.52;1.91;84.56;-0.45;2.96;0.01;0.07
 9; 1654; 201 (C);5.03;27.77;-1.93;-14.90;-23.55;18.62;0.68;-7.82
 9; 1654; 202 (C);6.35;34.39;-3.68;-26.09;-36.71;31.89;0.47;-8.95
 9; 1654; 203 (C);5.77;31.59;-2.95;-22.03;-31.57;26.95;0.56;-8.49
 9; 1655; 201 (C);4.02;20.35;-1.63;-9.96;-20.67;19.55;1.23;-6.68
 9; 1655; 202 (C);5.39;25.62;-3.70;-17.33;-32.04;33.39;1.48;-7.80
 9; 1655; 203 (C);4.79;23.37;-2.83;-14.71;-27.58;28.24;1.38;-7.34
 9; 1656; 201 (C);3.09;14.17;-0.71;-5.37;-17.57;19.86;1.19;-5.54
 9; 1656; 202 (C);4.51;18.16;-2.62;-9.07;-27.02;33.80;1.59;-6.57
 9; 1656; 203 (C);3.89;16.44;-1.82;-7.82;-23.30;28.60;1.43;-6.15
 9; 1657; 201 (C);2.23;9.20;0.17;-0.88;-14.35;19.46;1.06;-4.48
 9; 1657; 202 (C);3.67;12.04;-1.49;-0.87;-21.78;33.00;1.56;-5.40
 9; 1657; 203 (C);3.04;10.79;-0.79;-1.00;-18.83;27.95;1.36;-5.02
 9; 1658; 201 (C);1.43;5.33;0.93;3.85;-11.12;18.31;0.93;-3.52
 9; 1658; 202 (C);2.88;7.18;-0.44;7.83;-16.57;30.92;1.50;-4.31
 9; 1658; 203 (C);2.25;6.34;0.15;6.23;-14.38;26.20;1.27;-3.98
 9; 1659; 201 (C);0.71;2.45;1.57;9.18;-8.08;16.41;0.81;-2.65
 9; 1659; 202 (C);2.14;3.49;0.51;17.65;-11.66;27.55;1.43;-3.30
 9; 1659; 203 (C);1.51;2.99;0.98;14.40;-10.19;23.38;1.18;-3.03
 9; 1660; 201 (C);0.04;0.47;2.11;15.49;-5.40;13.84;0.69;-1.87
 9; 1660; 202 (C);1.42;0.89;1.36;29.23;-7.41;23.07;1.34;-2.38
 9; 1660; 203 (C);0.81;0.66;1.70;24.03;-6.54;19.60;1.07;-2.16
 9; 1661; 201 (C);-0.59;-0.70;2.54;23.08;-3.27;10.80;0.57;-1.19
 9; 1661; 202 (C);0.71;-0.70;2.09;43.09;-4.10;17.82;1.23;-1.54
 9; 1661; 203 (C);0.13;-0.75;2.31;35.58;-3.69;15.17;0.96;-1.38
 9; 1662; 201 (C);-1.19;-1.16;2.86;32.10;-1.77;7.61;0.45;-0.59
 9; 1662; 202 (C);-0.01;-1.37;2.65;59.48;-1.89;12.37;1.10;-0.79
 9; 1662; 203 (C);-0.54;-1.33;2.78;49.26;-1.77;10.56;0.83;-0.70
 9; 1663; 201 (C);-1.76;-1.04;2.97;42.42;-0.87;4.65;0.26;-0.11
 9; 1663; 202 (C);-0.73;-1.27;2.91;78.16;-0.72;7.39;0.88;-0.18
 9; 1663; 203 (C);-1.21;-1.20;2.98;64.86;-0.73;6.34;0.63;-0.14
 9; 1664; 201 (C);-2.26;-0.55;2.33;53.56;-0.36;2.22;-0.38;0.14
 9; 1664; 202 (C);-1.38;-0.68;2.34;98.29;-0.23;3.43;0.18;0.16
 9; 1664; 203 (C);-1.80;-0.64;2.37;81.67;-0.25;2.96;-0.06;0.16
 9; 1665; 201 (C);4.70;26.10;-2.12;-13.50;-23.07;20.80;0.82;-7.66
 9; 1665; 202 (C);5.92;32.53;-4.07;-23.76;-36.22;35.72;0.63;-8.94
 9; 1665; 203 (C);5.38;29.80;-3.26;-20.05;-31.09;30.17;0.71;-8.42
 9; 1666; 201 (C);3.67;18.88;-1.76;-9.16;-20.45;22.01;1.41;-6.51
 9; 1666; 202 (C);4.88;23.86;-4.05;-16.06;-32.00;37.69;1.75;-7.75
 9; 1666; 203 (C);4.34;21.73;-3.09;-13.62;-27.49;31.86;1.61;-7.24
 9; 1667; 201 (C);2.73;12.91;-0.73;-5.28;-17.54;22.54;1.35;-5.37
 9; 1667; 202 (C);3.92;16.54;-2.83;-9.04;-27.27;38.49;1.87;-6.50
 9; 1667; 203 (C);3.39;14.96;-1.95;-7.77;-23.45;32.55;1.66;-6.04
 9; 1668; 201 (C);1.87;8.12;0.25;-1.60;-14.39;22.28;1.21;-4.32
 9; 1668; 202 (C);3.03;10.55;-1.55;-2.23;-22.15;37.90;1.83;-5.32
 9; 1668; 203 (C);2.51;9.47;-0.79;-2.13;-19.09;32.08;1.58;-4.91
 9; 1669; 201 (C);1.10;4.40;1.09;2.25;-11.13;21.12;1.05;-3.37
 9; 1669; 202 (C);2.21;5.82;-0.38;4.97;-16.84;35.78;1.76;-4.22
 9; 1669; 203 (C);1.72;5.16;0.25;3.83;-14.56;30.30;1.47;-3.87
 9; 1670; 201 (C);0.41;1.67;1.81;6.71;-7.95;19.00;0.91;-2.51
 9; 1670; 202 (C);1.47;2.24;0.70;13.32;-11.66;32.06;1.67;-3.20
 9; 1670; 203 (C);0.99;1.93;1.18;10.75;-10.14;27.17;1.36;-2.92
 9; 1671; 201 (C);-0.21;-0.19;2.43;12.29;-5.08;16.00;0.77;-1.74
 9; 1671; 202 (C);0.76;-0.23;1.68;23.68;-7.03;26.82;1.57;-2.26
 9; 1671; 203 (C);0.32;-0.28;2.03;19.35;-6.20;22.76;1.25;-2.04
 9; 1672; 201 (C);-0.80;-1.23;2.95;19.46;-2.80;12.31;0.63;-1.05
 9; 1672; 202 (C);0.05;-1.66;2.56;36.86;-3.41;20.45;1.45;-1.39
 9; 1672; 203 (C);-0.34;-1.55;2.76;30.32;-3.09;17.38;1.12;-1.25
 9; 1673; 201 (C);-1.38;-1.56;3.35;28.52;-1.27;8.36;0.48;-0.46
 9; 1673; 202 (C);-0.69;-2.12;3.26;53.39;-1.11;13.65;1.28;-0.62
 9; 1673; 203 (C);-1.02;-1.94;3.35;44.10;-1.10;11.64;0.96;-0.55
 9; 1674; 201 (C);-1.96;-1.28;3.50;39.39;-0.49;4.73;0.25;0.01
 9; 1674; 202 (C);-1.49;-1.76;3.63;73.11;-0.11;7.51;1.00;0.01
 9; 1674; 203 (C);-1.73;-1.59;3.63;60.56;-0.21;6.44;0.70;0.02
 9; 1675; 201 (C);-2.49;-0.64;2.77;51.37;-0.17;2.02;-0.52;0.23
 9; 1675; 202 (C);-2.24;-0.88;2.93;94.82;0.07;3.06;0.11;0.31
 9; 1675; 203 (C);-2.40;-0.80;2.91;78.70;0.00;2.65;-0.16;0.28
 9; 1676; 201 (C);4.30;24.21;-2.27;-11.79;-22.60;22.59;0.97;-7.47
 9; 1676; 202 (C);5.39;30.40;-4.39;-20.88;-35.86;38.92;0.84;-8.92
 9; 1676; 203 (C);4.90;27.76;-3.51;-17.61;-30.71;32.85;0.90;-8.33
 9; 1677; 201 (C);3.24;17.24;-1.85;-8.04;-20.40;24.15;1.59;-6.30
 9; 1677; 202 (C);4.24;21.88;-4.29;-14.26;-32.34;41.48;2.04;-7.67
 9; 1677; 203 (C);3.79;19.88;-3.27;-12.08;-27.70;35.04;1.86;-7.11
 9; 1678; 201 (C);2.29;11.51;-0.72;-4.92;-17.82;25.02;1.51;-5.17
 9; 1678; 202 (C);3.18;14.73;-2.94;-8.56;-28.17;42.83;2.15;-6.41
 9; 1678; 203 (C);2.77;13.32;-2.01;-7.35;-24.14;36.20;1.89;-5.90
 9; 1679; 201 (C);1.45;6.93;0.34;-2.16;-14.88;25.01;1.34;-4.14
 9; 1679; 202 (C);2.22;8.90;-1.56;-3.32;-23.38;42.67;2.10;-5.23
 9; 1679; 203 (C);1.86;8.00;-0.76;-3.03;-20.06;36.08;1.79;-4.78
 9; 1680; 201 (C);0.71;3.39;1.24;0.64;-11.65;23.96;1.17;-3.20
 9; 1680; 202 (C);1.37;4.30;-0.29;2.09;-18.10;40.75;2.02;-4.13
 9; 1680; 203 (C);1.06;3.84;0.36;1.42;-15.56;34.48;1.68;-3.75
 9; 1681; 201 (C);0.08;0.79;2.03;3.99;-8.33;21.77;1.00;-2.35
 9; 1681; 202 (C);0.64;0.83;0.88;8.56;-12.62;36.90;1.93;-3.10
 9; 1681; 203 (C);0.37;0.73;1.38;6.74;-10.91;31.24;1.56;-2.79
 9; 1682; 201 (C);-0.46;-0.94;2.72;8.53;-5.17;18.41;0.84;-1.58
 9; 1682; 202 (C);-0.02;-1.54;2.00;17.16;-7.43;31.07;1.83;-2.13
 9; 1682; 203 (C);-0.24;-1.38;2.33;13.86;-6.49;26.33;1.43;-1.90
 9; 1683; 201 (C);-0.97;-1.87;3.34;15.00;-2.56;14.05;0.69;-0.90
 9; 1683; 202 (C);-0.67;-2.83;3.05;29.17;-3.17;23.53;1.70;-1.23
 9; 1683; 203 (C);-0.84;-2.51;3.21;23.83;-2.86;19.97;1.29;-1.09
 9; 1684; 201 (C);-1.50;-2.05;3.84;24.01;-0.82;9.16;0.51;-0.30
 9; 1684; 202 (C);-1.41;-3.08;3.95;45.67;-0.43;15.10;1.50;-0.41
 9; 1684; 203 (C);-1.49;-2.71;3.97;37.58;-0.51;12.85;1.10;-0.36
 9; 1685; 201 (C);-2.08;-1.59;4.09;35.70;-0.06;4.61;0.23;0.16
 9; 1685; 202 (C);-2.27;-2.39;4.47;66.90;0.58;7.34;1.14;0.25
 9; 1685; 203 (C);-2.24;-2.10;4.38;55.30;0.38;6.29;0.77;0.23
 9; 1686; 201 (C);-2.65;-0.77;3.26;49.20;0.06;1.53;-0.72;0.34
 9; 1686; 202 (C);-3.15;-1.15;3.65;91.36;0.46;2.23;-0.01;0.50
 9; 1686; 203 (C);-3.00;-1.01;3.54;75.73;0.33;1.95;-0.31;0.45
 9; 1687; 201 (C);3.83;22.13;-2.37;-9.70;-22.11;23.84;1.14;-7.25
 9; 1687; 202 (C);4.72;27.99;-4.59;-17.39;-35.57;41.18;1.10;-8.89
 9; 1687; 203 (C);4.31;25.48;-3.66;-14.64;-30.38;34.74;1.13;-8.21
 9; 1688; 201 (C);2.74;15.45;-1.88;-6.51;-20.54;25.82;1.76;-6.06
 9; 1688; 202 (C);3.43;19.67;-4.41;-11.79;-33.12;44.45;2.35;-7.58
 9; 1688; 203 (C);3.10;17.84;-3.35;-9.97;-28.27;37.52;2.12;-6.95
 9; 1689; 201 (C);1.77;10.00;-0.67;-4.19;-18.51;27.12;1.66;-4.94
 9; 1689; 202 (C);2.24;12.75;-2.95;-7.44;-29.90;46.51;2.45;-6.30
 9; 1689; 203 (C);2.00;11.53;-1.99;-6.38;-25.51;39.29;2.13;-5.74
 9; 1690; 201 (C);0.94;5.66;0.44;-2.42;-16.00;27.49;1.46;-3.93
 9; 1690; 202 (C);1.19;7.13;-1.50;-3.87;-25.85;47.02;2.38;-5.12
 9; 1690; 203 (C);1.04;6.43;-0.68;-3.48;-22.06;39.74;2.01;-4.63
 9; 1691; 201 (C);0.25;2.31;1.37;-0.79;-13.03;26.73;1.26;-3.01
 9; 1691; 202 (C);0.32;2.66;-0.19;-0.42;-20.96;45.64;2.29;-4.03
 9; 1691; 203 (C);0.25;2.43;0.48;-0.70;-17.90;38.59;1.87;-3.61
 9; 1692; 201 (C);-0.29;-0.16;2.18;1.23;-9.67;24.68;1.08;-2.18
 9; 1692; 202 (C);-0.38;-0.73;1.04;3.77;-15.36;42.06;2.21;-3.01
 9; 1692; 203 (C);-0.38;-0.59;1.54;2.70;-13.15;35.57;1.75;-2.67
 9; 1693; 201 (C);-0.72;-1.80;2.94;4.36;-6.15;21.19;0.92;-1.42
 9; 1693; 202 (C);-0.94;-3.06;2.26;9.94;-9.47;36.03;2.12;-2.02
 9; 1693; 203 (C);-0.88;-2.63;2.58;7.77;-8.16;30.49;1.64;-1.77
 9; 1694; 201 (C);-1.10;-2.64;3.66;9.63;-2.95;16.28;0.75;-0.73
 9; 1694; 202 (C);-1.47;-4.28;3.51;19.89;-4.10;27.54;2.00;-1.07
 9; 1694; 203 (C);-1.35;-3.69;3.62;16.01;-3.60;23.32;1.50;-0.92
 9; 1695; 201 (C);-1.52;-2.69;4.33;18.25;-0.66;10.31;0.55;-0.12
 9; 1695; 202 (C);-2.13;-4.32;4.69;35.74;-0.30;17.22;1.78;-0.17
 9; 1695; 203 (C);-1.92;-3.72;4.61;29.20;-0.38;14.62;1.29;-0.13
 9; 1696; 201 (C);-2.08;-2.02;4.71;30.98;0.34;4.44;0.20;0.36
 9; 1696; 202 (C);-3.03;-3.25;5.45;58.86;1.19;7.13;1.32;0.57
 9; 1696; 203 (C);-2.68;-2.79;5.23;48.50;0.91;6.10;0.86;0.50
 9; 1697; 201 (C);-2.70;-0.95;3.82;47.05;0.35;0.69;-0.97;0.50
 9; 1697; 202 (C);-4.07;-1.53;4.54;87.91;0.93;0.81;-0.19;0.78
 9; 1697; 203 (C);-3.56;-1.31;4.31;72.78;0.73;0.74;-0.53;0.68
 9; 1698; 201 (C);3.26;19.86;-2.39;-7.22;-21.46;24.33;1.33;-6.99
 9; 1698; 202 (C);3.89;25.30;-4.64;-13.25;-35.18;42.15;1.44;-8.82
 9; 1698; 203 (C);3.59;22.95;-3.70;-11.12;-29.93;35.54;1.41;-8.06
 9; 1699; 201 (C);2.13;13.53;-1.83;-4.55;-20.76;26.78;1.94;-5.78
 9; 1699; 202 (C);2.41;17.26;-4.35;-8.58;-34.24;46.18;2.68;-7.44
 9; 1699; 203 (C);2.25;15.63;-3.29;-7.23;-29.09;38.97;2.38;-6.75
 9; 1700; 201 (C);1.14;8.42;-0.58;-3.01;-19.61;28.55;1.80;-4.68
 9; 1700; 202 (C);1.06;10.65;-2.81;-5.53;-32.52;49.08;2.75;-6.15
 9; 1700; 203 (C);1.04;9.64;-1.87;-4.75;-27.61;41.44;2.36;-5.54
 9; 1701; 201 (C);0.32;4.36;0.54;-2.22;-17.93;29.41;1.57;-3.69
 9; 1701; 202 (C);-0.11;5.28;-1.35;-3.60;-29.89;50.45;2.65;-4.99
 9; 1701; 203 (C);0.02;4.81;-0.55;-3.24;-25.35;42.61;2.21;-4.46
 9; 1702; 201 (C);-0.31;1.21;1.45;-1.77;-15.65;29.15;1.34;-2.80
 9; 1702; 202 (C);-1.02;0.97;-0.07;-2.13;-26.14;49.99;2.55;-3.94
 9; 1702; 203 (C);-0.77;0.98;0.58;-2.14;-22.17;42.22;2.05;-3.47
 9; 1703; 201 (C);-0.73;-1.15;2.25;-1.17;-12.64;27.56;1.14;-2.01
 9; 1703; 202 (C);-1.66;-2.38;1.12;-0.37;-21.07;47.26;2.48;-2.94
 9; 1703; 203 (C);-1.32;-1.97;1.61;-0.79;-17.88;39.92;1.94;-2.56
 9; 1704; 201 (C);-0.98;-2.75;3.03;0.23;-8.90;24.35;0.98;-1.28
 9; 1704; 202 (C);-2.05;-4.77;2.39;2.82;-14.68;41.75;2.44;-1.96
 9; 1704; 203 (C);-1.65;-4.05;2.69;1.76;-12.48;35.26;1.85;-1.68
 9; 1705; 201 (C);-1.15;-3.59;3.87;3.56;-4.85;19.29;0.84;-0.57
 9; 1705; 202 (C);-2.34;-6.06;3.84;9.39;-7.71;33.02;2.38;-0.94
 9; 1705; 203 (C);-1.88;-5.15;3.90;7.15;-6.60;27.90;1.76;-0.78
 9; 1706; 201 (C);-1.38;-3.56;4.75;10.86;-1.40;12.37;0.64;0.10
 9; 1706; 202 (C);-2.79;-6.00;5.41;22.95;-1.80;21.03;2.19;0.11
 9; 1706; 203 (C);-2.24;-5.09;5.21;18.42;-1.61;17.79;1.57;0.12
 9; 1707; 201 (C);-1.86;-2.65;5.39;24.48;0.44;4.63;0.20;0.64
 9; 1707; 202 (C);-3.67;-4.49;6.62;47.65;1.27;7.63;1.60;1.01
 9; 1707; 203 (C);-2.96;-3.81;6.20;39.04;1.00;6.49;1.04;0.88
 9; 1708; 201 (C);-2.54;-1.23;4.47;44.67;0.63;-0.52;-1.29;0.74
 9; 1708; 202 (C);-4.91;-2.09;5.66;84.00;1.39;-1.22;-0.46;1.21
 9; 1708; 203 (C);-3.99;-1.77;5.25;69.45;1.13;-0.98;-0.82;1.03
 9; 1709; 201 (C);2.59;17.44;-2.33;-4.36;-20.33;23.85;1.54;-6.70
 9; 1709; 202 (C);2.85;22.33;-4.49;-8.51;-34.23;41.44;1.86;-8.71
 9; 1709; 203 (C);2.69;20.20;-3.58;-7.09;-28.97;34.92;1.74;-7.87
 9; 1710; 201 (C);1.41;11.53;-1.70;-2.17;-20.79;26.74;2.11;-5.46
 9; 1710; 202 (C);1.14;14.69;-4.06;-4.67;-35.30;46.18;3.03;-7.23
 9; 1710; 203 (C);1.20;13.29;-3.06;-3.90;-29.83;38.95;2.66;-6.49
 9; 1711; 201 (C);0.39;6.80;-0.43;-1.41;-20.93;28.93;1.93;-4.37
 9; 1711; 202 (C);-0.42;8.49;-2.49;-2.87;-35.80;49.81;3.04;-5.96
 9; 1711; 203 (C);-0.14;7.70;-1.62;-2.49;-30.22;42.04;2.58;-5.29
 9; 1712; 201 (C);-0.42;3.07;0.64;-1.53;-20.68;30.25;1.64;-3.41
 9; 1712; 202 (C);-1.72;3.45;-1.10;-2.39;-35.58;52.08;2.89;-4.83
 9; 1712; 203 (C);-1.24;3.21;-0.36;-2.22;-30.01;43.96;2.38;-4.24
 9; 1713; 201 (C);-0.98;0.15;1.48;-2.08;-19.85;30.65;1.37;-2.57
 9; 1713; 202 (C);-2.69;-0.67;0.05;-2.61;-34.26;52.82;2.76;-3.84
 9; 1713; 203 (C);-2.04;-0.42;0.65;-2.55;-28.88;44.57;2.19;-3.32
 9; 1714; 201 (C);-1.27;-2.10;2.18;-2.73;-18.07;29.92;1.16;-1.85
 9; 1714; 202 (C);-3.28;-4.02;1.10;-2.99;-31.21;51.66;2.70;-2.93
 9; 1714; 203 (C);-2.50;-3.34;1.56;-3.01;-26.31;43.57;2.08;-2.49
 9; 1715; 201 (C);-1.30;-3.76;2.91;-3.05;-14.87;27.65;1.02;-1.17
 9; 1715; 202 (C);-3.48;-6.63;2.29;-2.80;-25.60;47.83;2.75;-2.00
 9; 1715; 203 (C);-2.62;-5.57;2.57;-2.99;-21.59;40.33;2.05;-1.67
 9; 1716; 201 (C);-1.14;-4.74;3.84;-2.18;-9.98;23.21;0.94;-0.47
 9; 1716; 202 (C);-3.38;-8.26;3.89;-0.54;-17.04;40.19;2.85;-0.94
 9; 1716; 203 (C);-2.48;-6.95;3.91;-1.22;-14.39;33.88;2.09;-0.75
 9; 1717; 201 (C);-1.01;-4.79;5.04;1.93;-4.54;16.16;0.83;0.30
 9; 1717; 202 (C);-3.36;-8.37;6.00;7.43;-7.51;27.97;2.86;0.35
 9; 1717; 203 (C);-2.42;-7.03;5.68;5.34;-6.38;23.58;2.05;0.34
 9; 1718; 201 (C);-1.29;-3.66;6.10;14.70;-0.61;6.39;0.33;1.01
 9; 1718; 202 (C);-4.04;-6.44;7.94;30.65;-0.69;10.96;2.19;1.62
 9; 1718; 203 (C);-2.94;-5.40;7.29;24.72;-0.63;9.26;1.45;1.40
 9; 1719; 201 (C);-2.08;-1.71;5.31;41.04;0.68;-1.99;-1.67;1.12
 9; 1719; 202 (C);-5.57;-3.03;7.18;77.79;1.42;-3.63;-0.75;1.89
 9; 1719; 203 (C);-4.18;-2.53;6.52;64.20;1.16;-3.04;-1.15;1.60
 9; 1720; 201 (C);1.80;14.93;-2.14;-1.19;-18.13;22.19;1.80;-6.38
 9; 1720; 202 (C);1.58;19.13;-4.08;-3.30;-31.84;38.68;2.38;-8.52
 9; 1720; 203 (C);1.62;17.27;-3.26;-2.65;-26.74;32.56;2.16;-7.61
 9; 1721; 201 (C);0.52;9.47;-1.45;0.43;-20.09;25.33;2.30;-5.09
 9; 1721; 202 (C);-0.45;12.00;-3.49;-0.35;-35.47;43.83;3.41;-6.96
 9; 1721; 203 (C);-0.11;10.85;-2.62;-0.23;-29.77;36.96;2.95;-6.17
 9; 1722; 201 (C);-0.54;5.21;-0.22;0.38;-22.03;27.65;2.06;-4.00
 9; 1722; 202 (C);-2.26;6.34;-1.96;0.20;-39.03;47.77;3.34;-5.68
 9; 1722; 203 (C);-1.61;5.79;-1.22;0.10;-32.75;40.29;2.80;-4.98
 9; 1723; 201 (C);-1.32;1.87;0.75;-0.45;-23.98;29.25;1.69;-3.07
 9; 1723; 202 (C);-3.71;1.73;-0.72;-0.42;-42.49;50.61;3.09;-4.60
 9; 1723; 203 (C);-2.78;1.71;-0.10;-0.58;-35.65;42.67;2.51;-3.97
 9; 1724; 201 (C);-1.79;-0.77;1.43;-1.66;-25.70;30.24;1.34;-2.31
 9; 1724; 202 (C);-4.74;-2.12;0.20;-1.73;-45.42;52.50;2.88;-3.72
 9; 1724; 203 (C);-3.58;-1.65;0.72;-1.83;-38.14;44.23;2.24;-3.15
 9; 1725; 201 (C);-1.93;-2.92;1.96;-3.08;-26.62;30.64;1.09;-1.69
 9; 1725; 202 (C);-5.31;-5.47;0.95;-3.43;-46.87;53.37;2.81;-2.97
 9; 1725; 203 (C);-3.97;-4.53;1.38;-3.41;-39.39;44.94;2.10;-2.46
 9; 1726; 201 (C);-1.72;-4.72;2.51;-4.57;-25.80;30.14;0.97;-1.14
 9; 1726; 202 (C);-5.35;-8.45;1.86;-5.33;-45.26;52.65;2.96;-2.23
 9; 1726; 203 (C);-3.90;-7.06;2.14;-5.13;-38.06;44.32;2.16;-1.80
 9; 1727; 201 (C);-1.17;-6.13;3.40;-5.83;-21.85;27.78;1.02;-0.53
 9; 1727; 202 (C);-4.81;-10.92;3.39;-6.82;-38.16;48.64;3.34;-1.28
 9; 1727; 203 (C);-3.35;-9.12;3.43;-6.52;-32.12;40.92;2.42;-0.99
 9; 1728; 201 (C);-0.37;-6.61;4.92;-5.71;-13.61;21.92;1.14;0.37
 9; 1728; 202 (C);-3.81;-11.81;6.06;-5.86;-23.62;38.46;3.83;0.31
 9; 1728; 203 (C);-2.41;-9.86;5.67;-5.86;-19.90;32.34;2.77;0.34
 9; 1729; 201 (C);-0.22;-5.44;6.89;0.09;-5.31;12.09;0.89;1.48
 9; 1729; 202 (C);-3.93;-9.78;9.56;5.11;-9.03;21.28;3.62;2.38
 9; 1729; 203 (C);-2.42;-8.15;8.59;3.23;-7.64;17.89;2.55;2.05
 9; 1730; 201 (C);-1.15;-2.64;6.39;31.51;-0.40;-1.42;-1.90;1.79
 9; 1730; 202 (C);-5.87;-4.79;9.23;61.10;-0.51;-2.39;-0.73;3.07
 9; 1730; 203 (C);-3.97;-3.98;8.20;50.16;-0.46;-2.03;-1.23;2.59
 9; 1731; 201 (C);0.80;12.43;-1.85;2.14;-13.94;19.31;2.15;-6.18
 9; 1731; 202 (C);-0.05;15.78;-3.41;2.09;-26.69;33.76;3.01;-8.42
 9; 1731; 203 (C);0.25;14.24;-2.74;1.95;-22.09;28.40;2.66;-7.45
 9; 1732; 201 (C);-0.63;7.44;-1.06;2.66;-17.64;22.08;2.56;-4.69
 9; 1732; 202 (C);-2.49;9.28;-2.59;3.49;-33.26;38.39;3.86;-6.58
 9; 1732; 203 (C);-1.78;8.42;-1.92;3.02;-27.61;32.34;3.31;-5.77
 9; 1733; 201 (C);-1.74;3.71;0.04;1.95;-21.99;24.02;2.23;-3.54
 9; 1733; 202 (C);-4.56;4.29;-1.21;3.07;-40.80;41.82;3.67;-5.27
 9; 1733; 203 (C);-3.44;3.97;-0.67;2.50;-33.97;35.21;3.05;-4.54
 9; 1734; 201 (C);-2.42;0.83;0.81;0.71;-27.17;25.37;1.71;-2.62
 9; 1734; 202 (C);-6.09;0.24;-0.24;1.78;-49.50;44.39;3.24;-4.24
 9; 1734; 203 (C);-4.63;0.41;0.21;1.24;-41.34;37.35;2.59;-3.57
 9; 1735; 201 (C);-2.71;-1.47;1.27;-0.73;-32.72;26.55;1.21;-1.95
 9; 1735; 202 (C);-7.13;-3.24;0.35;0.09;-58.74;46.70;2.84;-3.50
 9; 1735; 203 (C);-5.36;-2.59;0.74;-0.33;-49.19;39.25;2.16;-2.88
 9; 1736; 201 (C);-2.65;-3.47;1.54;-2.27;-38.14;27.84;0.86;-1.50
 9; 1736; 202 (C);-7.69;-6.49;0.71;-1.86;-67.74;49.16;2.67;-3.02
 9; 1736; 203 (C);-5.67;-5.35;1.05;-2.11;-56.84;41.29;1.92;-2.42
 9; 1737; 201 (C);-2.26;-5.42;1.81;-3.97;-42.60;29.35;0.75;-1.19
 9; 1737; 202 (C);-7.72;-9.87;1.11;-4.17;-75.10;51.94;2.89;-2.66
 9; 1737; 203 (C);-5.53;-8.19;1.40;-4.17;-63.10;43.61;2.02;-2.10
 9; 1738; 201 (C);-1.44;-7.50;2.37;-5.96;-44.34;30.77;0.97;-0.85
 9; 1738; 202 (C);-7.03;-13.59;2.07;-7.01;-77.80;54.47;3.65;-2.13
 9; 1738; 203 (C);-4.78;-11.29;2.20;-6.68;-65.43;45.73;2.58;-1.64
 9; 1739; 201 (C);0.03;-9.50;3.95;-8.12;-39.06;29.96;1.54;-0.09
 9; 1739; 202 (C);-5.18;-17.20;4.81;-10.10;-68.33;53.04;5.01;-0.71
 9; 1739; 203 (C);-3.06;-14.30;4.51;-9.42;-57.50;44.53;3.66;-0.48
 9; 1740; 201 (C);2.39;-8.68;6.99;-9.29;-20.66;21.14;2.19;1.76
 9; 1740; 202 (C);-1.68;-15.76;10.15;-11.36;-36.00;37.54;6.48;2.76
 9; 1740; 203 (C);0.03;-13.11;9.00;-10.63;-30.31;31.50;4.82;2.39
 9; 1741; 201 (C);0.29;-4.94;8.93;3.33;-10.35;7.23;-1.37;2.99
 9; 1741; 202 (C);-5.86;-9.00;13.99;11.59;-17.98;13.09;0.81;5.17
 9; 1741; 203 (C);-3.37;-7.48;12.13;8.53;-15.15;10.94;-0.06;4.36
 9; 1742; 201 (C);-0.55;9.92;-1.30;4.13;-5.33;14.54;2.71;-5.82
 9; 1742; 202 (C);-2.16;12.28;-2.29;5.66;-15.32;25.78;3.69;-7.82
 9; 1742; 203 (C);-1.54;11.13;-1.86;4.95;-11.99;21.63;3.25;-6.90
 9; 1743; 201 (C);-2.35;5.52;-0.57;4.09;-11.40;16.26;3.06;-4.20
 9; 1743; 202 (C);-5.31;6.68;-1.46;6.17;-25.70;28.84;4.51;-6.00
 9; 1743; 203 (C);-4.12;6.11;-1.07;5.25;-20.76;24.21;3.87;-5.20
 9; 1744; 201 (C);-3.39;2.40;0.21;2.96;-19.88;16.93;2.50;-2.89
 9; 1744; 202 (C);-7.54;2.47;-0.46;5.06;-39.47;30.40;4.10;-4.58
 9; 1744; 203 (C);-5.86;2.38;-0.16;4.14;-32.50;25.46;3.40;-3.86
 9; 1745; 201 (C);-3.74;0.06;0.66;1.55;-29.41;17.48;1.69;-1.94
 9; 1745; 202 (C);-8.91;-0.92;0.11;3.46;-54.97;31.69;3.32;-3.53
 9; 1745; 203 (C);-6.81;-0.57;0.35;2.63;-45.73;26.49;2.61;-2.87
 9; 1746; 201 (C);-3.64;-1.85;0.85;0.17;-39.75;18.19;0.93;-1.38
 9; 1746; 202 (C);-9.68;-3.92;0.32;1.82;-72.00;33.17;2.58;-2.96
 9; 1746; 203 (C);-7.23;-3.13;0.54;1.11;-60.22;27.70;1.86;-2.32
 9; 1747; 201 (C);-3.27;-3.63;0.86;-1.08;-50.94;19.34;0.39;-1.16
 9; 1747; 202 (C);-10.12;-6.93;0.28;0.29;-90.69;35.30;2.15;-2.83
 9; 1747; 203 (C);-7.35;-5.67;0.52;-0.31;-76.07;29.48;1.40;-2.18
 9; 1748; 201 (C);-2.73;-5.60;0.79;-2.25;-63.17;21.34;0.21;-1.19
 9; 1748; 202 (C);-10.33;-10.45;0.13;-1.17;-111.37;38.82;2.31;-3.04
 9; 1748; 203 (C);-7.27;-8.60;0.39;-1.65;-93.59;32.43;1.44;-2.33
 9; 1749; 201 (C);-1.99;-8.19;0.80;-3.48;-76.56;24.92;0.59;-1.31
 9; 1749; 202 (C);-10.19;-15.12;0.10;-2.77;-134.28;44.98;3.40;-3.31
 9; 1749; 203 (C);-6.89;-12.49;0.37;-3.10;-112.94;37.64;2.27;-2.56
 9; 1750; 201 (C);-0.73;-12.15;1.21;-5.14;-90.12;31.22;1.84;-1.17
 9; 1750; 202 (C);-9.12;-22.21;0.78;-5.06;-157.68;55.79;6.04;-2.97
 9; 1750; 203 (C);-5.75;-18.43;0.95;-5.15;-132.68;46.77;4.40;-2.31
 9; 1751; 201 (C);2.30;-18.25;4.15;-6.82;-91.59;38.15;4.39;1.39
 9; 1751; 202 (C);-4.84;-32.91;5.90;-7.25;-160.17;67.66;11.01;1.82
 9; 1751; 203 (C);-1.93;-27.44;5.26;-7.14;-134.79;56.79;8.48;1.65
 9; 1752; 201 (C);11.51;-9.73;7.57;-5.74;-33.35;16.07;7.16;4.19
 9; 1752; 202 (C);10.47;-17.69;12.14;-4.49;-58.31;28.86;16.60;7.23
 9; 1752; 203 (C);11.13;-14.72;10.45;-4.98;-49.06;24.16;13.04;6.09
