Panel;Node;Case;MXX (kNm/m);MYY (kNm/m);MXY (kNm/m);NXX (kN/m);NYY (kN/m);NXY (kN/m);QXX (kN/m);QYY (kN/m)
 3; 1777; 102 (C);-4965.99;-6909.86;-237.58;0.0;0.0;0.0;4754.56;-16.25
 3; 1778; 102 (C);-4870.73;-6893.12;-272.81;0.0;0.0;0.0;-4878.93;64.23
 3; 1779; 102 (C);-5011.08;-7259.09;16.71;0.0;0.0;0.0;5422.53;5244.96
 3; 1780; 102 (C);-4982.96;-7266.25;-494.71;0.0;0.0;0.0;-5890.01;5707.26
 3; 1781; 102 (C);-5056.32;-7237.59;-464.78;0.0;0.0;0.0;5438.29;-5411.61
 3; 1782; 102 (C);-4993.94;-7274.32;-16.17;0.0;0.0;0.0;-5737.24;-5425.85
 3; 1783; 102 (C);-4683.90;-7135.85;-249.55;0.0;0.0;0.0;-54.28;4552.63
 3; 1784; 102 (C);-4709.55;-7223.26;-246.58;0.0;0.0;0.0;29.40;-4550.94
 3; 1; 102 (C);15.17;12.81;-20.20;0.0;0.0;0.0;34.39;-84.85
 3; 2; 102 (C);11.72;12.67;20.36;0.0;0.0;0.0;-38.63;-55.51
 3; 3; 102 (C);8.97;6.81;-19.54;0.0;0.0;0.0;-47.55;64.40
 3; 4; 102 (C);9.42;10.58;21.42;0.0;0.0;0.0;32.43;50.24
 3; 21; 102 (C);63.56;23.03;-34.58;0.0;0.0;0.0;-12.68;5.50
 3; 22; 102 (C);139.47;-10.05;-39.94;0.0;0.0;0.0;-250.32;181.20
 3; 23; 102 (C);115.45;-35.39;-15.50;0.0;0.0;0.0;-695.48;256.75
 3; 24; 102 (C);-91.38;-45.97;12.17;0.0;0.0;0.0;-1120.17;224.26
 3; 25; 102 (C);-417.38;-41.83;20.36;0.0;0.0;0.0;-1294.88;65.85
 3; 26; 102 (C);-735.11;-33.17;3.84;0.0;0.0;0.0;-1169.94;-86.83
 3; 27; 102 (C);-962.85;-32.19;-9.34;0.0;0.0;0.0;-845.48;-139.82
 3; 28; 102 (C);-1080.66;-22.56;-13.89;0.0;0.0;0.0;-431.97;-155.37
 3; 29; 102 (C);-1096.52;-4.63;-14.46;0.0;0.0;0.0;12.59;-157.27
 3; 30; 102 (C);-1007.28;20.41;-16.59;0.0;0.0;0.0;456.21;-154.89
 3; 31; 102 (C);-798.31;55.55;-22.25;0.0;0.0;0.0;840.99;-154.69
 3; 32; 102 (C);-465.81;87.55;-31.64;0.0;0.0;0.0;1033.32;-150.16
 3; 33; 102 (C);-147.73;9.28;-78.80;0.0;0.0;0.0;1024.00;150.23
 3; 34; 102 (C);93.97;-40.80;-3.17;0.0;0.0;0.0;592.99;192.28
 3; 35; 102 (C);150.59;3.97;27.76;0.0;0.0;0.0;197.32;81.82
 3; 36; 102 (C);70.96;19.62;21.74;0.0;0.0;0.0;-3.08;-34.09
 3; 37; 102 (C);23.52;53.68;25.27;0.0;0.0;0.0;-42.77;-236.19
 3; 38; 102 (C);-23.81;44.93;35.26;0.0;0.0;0.0;-296.58;-675.66
 3; 39; 102 (C);-54.41;-116.90;-11.49;0.0;0.0;0.0;-380.56;-1265.88
 3; 40; 102 (C);-72.22;-518.14;-42.75;0.0;0.0;0.0;-291.82;-1832.27
 3; 41; 102 (C);-89.26;-1109.90;-77.91;0.0;0.0;0.0;-150.22;-2117.28
 3; 42; 102 (C);-81.11;-1746.10;-72.13;0.0;0.0;0.0;26.76;-2059.21
 3; 43; 102 (C);-85.26;-2334.83;-63.53;0.0;0.0;0.0;119.87;-1746.34
 3; 44; 102 (C);-82.50;-2826.87;-60.79;0.0;0.0;0.0;149.84;-1299.68
 3; 45; 102 (C);-69.61;-3235.32;-64.80;0.0;0.0;0.0;140.60;-794.63
 3; 46; 102 (C);-16.01;-3515.39;-109.45;0.0;0.0;0.0;274.05;-346.74
 3; 47; 102 (C);13.01;-3732.73;-74.95;0.0;0.0;0.0;172.63;112.92
 3; 48; 102 (C);4.15;-3834.49;-58.78;0.0;0.0;0.0;102.79;472.15
 3; 49; 102 (C);-33.03;-3841.29;-38.06;0.0;0.0;0.0;-147.52;603.78
 3; 50; 102 (C);-21.18;-3821.38;-51.56;0.0;0.0;0.0;-113.91;455.32
 3; 51; 102 (C);-12.97;-3889.12;-48.36;0.0;0.0;0.0;-151.63;198.91
 3; 52; 102 (C);4.29;-3993.31;-45.51;0.0;0.0;0.0;-33.52;105.92
 3; 53; 102 (C);25.83;-4028.80;-8.03;0.0;0.0;0.0;134.36;264.75
 3; 54; 102 (C);28.38;-3924.56;27.28;0.0;0.0;0.0;200.64;625.79
 3; 55; 102 (C);39.57;-3652.24;47.06;0.0;0.0;0.0;207.40;1065.77
 3; 56; 102 (C);56.55;-3255.56;49.77;0.0;0.0;0.0;187.15;1495.59
 3; 57; 102 (C);79.97;-2774.60;43.59;0.0;0.0;0.0;159.81;1876.24
 3; 58; 102 (C);107.13;-2232.95;36.73;0.0;0.0;0.0;132.33;2183.94
 3; 59; 102 (C);141.11;-1632.46;33.30;0.0;0.0;0.0;101.97;2376.53
 3; 60; 102 (C);175.14;-971.65;34.55;0.0;0.0;0.0;105.32;2278.57
 3; 61; 102 (C);6.56;-447.03;87.84;0.0;0.0;0.0;-350.16;1946.29
 3; 62; 102 (C);-63.67;-81.14;-5.75;0.0;0.0;0.0;-309.90;1297.09
 3; 63; 102 (C);-4.75;58.74;-38.38;0.0;0.0;0.0;-155.79;656.27
 3; 64; 102 (C);15.50;41.89;-25.10;0.0;0.0;0.0;-40.44;219.58
 3; 65; 102 (C);68.92;21.76;-25.39;0.0;0.0;0.0;5.66;32.54
 3; 66; 102 (C);134.84;-8.75;-35.24;0.0;0.0;0.0;227.40;-170.20
 3; 67; 102 (C);84.90;-39.31;-1.05;0.0;0.0;0.0;640.23;-259.81
 3; 68; 102 (C);-147.09;-45.73;30.70;0.0;0.0;0.0;1041.79;-211.18
 3; 69; 102 (C);-504.71;-40.55;40.42;0.0;0.0;0.0;1185.91;-55.92
 3; 70; 102 (C);-848.82;-30.42;22.99;0.0;0.0;0.0;1027.31;94.50
 3; 71; 102 (C);-1091.84;-27.66;7.02;0.0;0.0;0.0;672.90;145.25
 3; 72; 102 (C);-1210.60;-16.02;-1.42;0.0;0.0;0.0;236.17;158.13
 3; 73; 102 (C);-1212.94;3.83;-6.04;0.0;0.0;0.0;-221.40;156.75
 3; 74; 102 (C);-1098.99;30.17;-11.46;0.0;0.0;0.0;-664.91;150.61
 3; 75; 102 (C);-860.17;65.59;-19.08;0.0;0.0;0.0;-1035.19;146.68
 3; 76; 102 (C);-499.67;96.39;-29.23;0.0;0.0;0.0;-1198.68;139.91
 3; 77; 102 (C);-159.32;10.53;-75.32;0.0;0.0;0.0;-1152.76;-173.35
 3; 78; 102 (C);90.15;-44.09;2.92;0.0;0.0;0.0;-679.98;-202.36
 3; 79; 102 (C);148.82;3.55;32.85;0.0;0.0;0.0;-244.86;-91.90
 3; 80; 102 (C);69.16;19.49;23.60;0.0;0.0;0.0;-15.52;29.56
 3; 81; 102 (C);24.14;55.06;27.38;0.0;0.0;0.0;36.08;226.85
 3; 82; 102 (C);-20.62;56.53;41.99;0.0;0.0;0.0;290.83;665.77
 3; 83; 102 (C);-53.30;-86.86;-1.49;0.0;0.0;0.0;385.73;1272.40
 3; 84; 102 (C);-72.09;-462.41;-30.30;0.0;0.0;0.0;307.72;1878.70
 3; 85; 102 (C);-92.01;-1034.57;-64.89;0.0;0.0;0.0;180.23;2235.62
 3; 86; 102 (C);-91.14;-1676.60;-63.56;0.0;0.0;0.0;19.20;2282.66
 3; 87; 102 (C);-106.64;-2316.45;-62.70;0.0;0.0;0.0;-63.61;2093.59
 3; 88; 102 (C);-110.85;-2921.63;-70.39;0.0;0.0;0.0;-88.48;1742.49
 3; 89; 102 (C);-13.54;-3424.66;-142.65;0.0;0.0;0.0;-268.01;1363.17
 3; 90; 102 (C);60.42;-3873.71;-88.96;0.0;0.0;0.0;-236.77;852.79
 3; 91; 102 (C);35.41;-4217.22;-76.39;0.0;0.0;0.0;-233.08;305.83
 3; 92; 102 (C);11.29;-4381.04;-46.80;0.0;0.0;0.0;-155.37;-177.20
 3; 93; 102 (C);-25.54;-4372.06;-12.94;0.0;0.0;0.0;8.69;-474.01
 3; 94; 102 (C);-9.95;-4250.62;-3.34;0.0;0.0;0.0;88.56;-503.49
 3; 95; 102 (C);-6.79;-4148.66;2.07;0.0;0.0;0.0;116.51;-391.89
 3; 96; 102 (C);3.31;-4081.49;-3.88;0.0;0.0;0.0;16.41;-369.68
 3; 97; 102 (C);28.99;-3968.63;18.98;0.0;0.0;0.0;-143.59;-553.38
 3; 98; 102 (C);35.06;-3747.82;38.27;0.0;0.0;0.0;-199.46;-912.60
 3; 99; 102 (C);44.90;-3404.57;41.02;0.0;0.0;0.0;-190.79;-1331.30
 3; 100; 102 (C);62.80;-2980.89;30.42;0.0;0.0;0.0;-162.81;-1723.20
 3; 101; 102 (C);85.78;-2511.60;16.30;0.0;0.0;0.0;-132.46;-2059.42
 3; 102; 102 (C);111.50;-2007.12;7.09;0.0;0.0;0.0;-104.99;-2323.95
 3; 103; 102 (C);143.05;-1456.83;5.75;0.0;0.0;0.0;-77.16;-2477.66
 3; 104; 102 (C);174.11;-850.86;11.94;0.0;0.0;0.0;-84.57;-2345.53
 3; 105; 102 (C);10.80;-368.29;61.94;0.0;0.0;0.0;365.92;-1983.47
 3; 106; 102 (C);-55.75;-42.25;-24.41;0.0;0.0;0.0;296.97;-1328.98
 3; 107; 102 (C);-4.79;64.27;-41.74;0.0;0.0;0.0;137.81;-662.43
 3; 108; 102 (C);17.68;32.19;-34.47;0.0;0.0;0.0;100.58;-216.33
 3; 109; 102 (C);82.46;55.66;-60.84;0.0;0.0;0.0;120.07;-78.98
 3; 110; 102 (C);182.51;36.09;-84.82;0.0;0.0;0.0;-75.40;302.45
 3; 111; 102 (C);162.26;-35.15;-33.96;0.0;0.0;0.0;-593.28;698.93
 3; 112; 102 (C);-18.31;-4.69;47.45;0.0;0.0;0.0;-1149.57;612.71
 3; 113; 102 (C);-329.93;48.83;57.02;0.0;0.0;0.0;-1436.43;-7.28
 3; 114; 102 (C);-655.94;30.50;27.97;0.0;0.0;0.0;-1325.65;-266.13
 3; 115; 102 (C);-895.15;2.30;1.76;0.0;0.0;0.0;-984.68;-357.12
 3; 116; 102 (C);-1044.00;-19.28;-12.90;0.0;0.0;0.0;-579.76;-392.96
 3; 117; 102 (C);-1101.05;-33.36;-20.68;0.0;0.0;0.0;-148.83;-411.95
 3; 118; 102 (C);-1064.21;-40.05;-29.20;0.0;0.0;0.0;293.93;-420.61
 3; 119; 102 (C);-929.13;-37.70;-47.45;0.0;0.0;0.0;732.20;-403.47
 3; 120; 102 (C);-692.15;-21.82;-78.82;0.0;0.0;0.0;1103.33;-307.29
 3; 121; 102 (C);-359.77;1.71;-115.86;0.0;0.0;0.0;1229.79;-2.98
 3; 122; 102 (C);-16.12;60.91;-83.37;0.0;0.0;0.0;930.85;363.55
 3; 123; 102 (C);137.53;-39.76;8.50;0.0;0.0;0.0;384.91;699.09
 3; 124; 102 (C);129.24;-14.42;66.87;0.0;0.0;0.0;-7.76;442.20
 3; 125; 102 (C);54.63;30.29;47.07;0.0;0.0;0.0;-135.12;-49.23
 3; 126; 102 (C);43.49;88.15;-85.14;0.0;0.0;0.0;507.51;-338.09
 3; 127; 102 (C);220.05;135.82;-178.24;0.0;0.0;0.0;589.87;374.33
 3; 128; 102 (C);349.69;-67.33;-93.85;0.0;0.0;0.0;-237.05;4063.95
 3; 129; 102 (C);156.45;163.65;113.06;0.0;0.0;0.0;-1636.06;694.99
 3; 130; 102 (C);-375.20;71.77;71.25;0.0;0.0;0.0;-2106.55;-327.92
 3; 131; 102 (C);-694.33;-22.83;22.02;0.0;0.0;0.0;-1569.14;-643.58
 3; 132; 102 (C);-915.39;-86.80;-10.39;0.0;0.0;0.0;-1090.60;-740.80
 3; 133; 102 (C);-1057.47;-122.76;-27.22;0.0;0.0;0.0;-641.39;-779.71
 3; 134; 102 (C);-1120.49;-138.18;-36.55;0.0;0.0;0.0;-199.13;-805.76
 3; 135; 102 (C);-1101.22;-135.38;-47.32;0.0;0.0;0.0;256.65;-827.57
 3; 136; 102 (C);-995.84;-111.08;-67.52;0.0;0.0;0.0;744.35;-829.03
 3; 137; 102 (C);-799.49;-60.51;-106.61;0.0;0.0;0.0;1300.56;-754.85
 3; 138; 102 (C);-473.75;37.44;-152.79;0.0;0.0;0.0;1749.01;-457.08
 3; 139; 102 (C);-70.97;9.74;-212.25;0.0;0.0;0.0;1683.59;789.61
 3; 140; 102 (C);268.15;-91.45;-37.57;0.0;0.0;0.0;559.52;3747.49
 3; 141; 102 (C);227.79;85.93;112.59;0.0;0.0;0.0;-588.69;370.86
 3; 142; 102 (C);54.09;77.52;68.03;0.0;0.0;0.0;-562.27;-472.10
 3; 143; 102 (C);23.63;50.48;-66.04;0.0;0.0;0.0;967.58;-988.85
 3; 144; 102 (C);-7.16;215.96;-68.56;0.0;0.0;0.0;4519.24;-1309.73
 3; 145; 102 (C);-57.61;250.44;9.74;0.0;0.0;0.0;-6386.20;-998.31
 3; 146; 102 (C);-469.75;-17.25;-7.76;0.0;0.0;0.0;-2703.82;-1119.03
 3; 147; 102 (C);-754.26;-164.98;-30.88;0.0;0.0;0.0;-1743.38;-1150.61
 3; 148; 102 (C);-959.56;-250.73;-43.27;0.0;0.0;0.0;-1137.24;-1167.04
 3; 149; 102 (C);-1093.38;-300.13;-50.28;0.0;0.0;0.0;-664.17;-1181.60
 3; 150; 102 (C);-1156.07;-321.29;-53.82;0.0;0.0;0.0;-219.94;-1210.75
 3; 151; 102 (C);-1144.97;-317.04;-58.53;0.0;0.0;0.0;239.62;-1258.49
 3; 152; 102 (C);-1055.72;-282.99;-70.68;0.0;0.0;0.0;757.37;-1316.43
 3; 153; 102 (C);-877.71;-209.36;-88.23;0.0;0.0;0.0;1417.93;-1354.79
 3; 154; 102 (C);-604.63;-82.16;-127.91;0.0;0.0;0.0;2447.42;-1350.64
 3; 155; 102 (C);-175.21;260.34;-241.67;0.0;0.0;0.0;6004.99;-838.44
 3; 156; 102 (C);34.68;170.60;55.93;0.0;0.0;0.0;-4114.91;-645.26
 3; 157; 102 (C);-28.42;-89.64;-1.98;0.0;0.0;0.0;-932.03;-1167.41
 3; 158; 102 (C);79.17;-175.10;37.05;0.0;0.0;0.0;1013.67;-1720.39
 3; 159; 102 (C);391.72;-77.86;122.76;0.0;0.0;0.0;445.66;-2695.48
 3; 160; 102 (C);359.61;30.23;-132.51;0.0;0.0;0.0;-1419.80;-2942.16
 3; 161; 102 (C);-486.68;-322.52;-133.21;0.0;0.0;0.0;-2693.11;-2069.02
 3; 162; 102 (C);-782.47;-430.03;-95.08;0.0;0.0;0.0;-1648.26;-1710.04
 3; 163; 102 (C);-996.27;-505.11;-81.99;0.0;0.0;0.0;-1110.92;-1594.35
 3; 164; 102 (C);-1132.43;-553.57;-76.08;0.0;0.0;0.0;-671.12;-1569.26
 3; 165; 102 (C);-1197.76;-581.81;-71.48;0.0;0.0;0.0;-259.27;-1595.80
 3; 166; 102 (C);-1194.18;-587.10;-66.95;0.0;0.0;0.0;168.85;-1674.09
 3; 167; 102 (C);-1117.15;-563.40;-63.88;0.0;0.0;0.0;663.63;-1806.44
 3; 168; 102 (C);-954.71;-500.04;-70.53;0.0;0.0;0.0;1277.84;-1997.70
 3; 169; 102 (C);-698.85;-388.52;-42.95;0.0;0.0;0.0;2326.72;-2200.13
 3; 170; 102 (C);-315.75;-125.64;65.29;0.0;0.0;0.0;5880.80;-2668.33
 3; 171; 102 (C);-67.67;-229.55;-285.05;0.0;0.0;0.0;-4006.35;-2466.32
 3; 172; 102 (C);-40.70;-450.76;-126.50;0.0;0.0;0.0;-818.21;-1926.88
 3; 173; 102 (C);27.18;-632.73;86.07;0.0;0.0;0.0;287.67;-2396.28
 3; 174; 102 (C);22.09;-904.52;146.34;0.0;0.0;0.0;156.02;-3495.59
 3; 175; 102 (C);157.67;-787.59;23.88;0.0;0.0;0.0;-490.08;-5516.99
 3; 176; 102 (C);-109.45;-833.25;-140.45;0.0;0.0;0.0;-1123.40;-3913.91
 3; 177; 102 (C);-474.66;-786.91;-143.22;0.0;0.0;0.0;-1601.94;-2583.95
 3; 178; 102 (C);-798.49;-822.18;-121.16;0.0;0.0;0.0;-1392.20;-2165.46
 3; 179; 102 (C);-1023.34;-842.87;-109.41;0.0;0.0;0.0;-1020.59;-1976.95
 3; 180; 102 (C);-1175.24;-878.72;-100.27;0.0;0.0;0.0;-660.65;-1915.29
 3; 181; 102 (C);-1245.34;-912.29;-95.27;0.0;0.0;0.0;-315.25;-1935.43
 3; 182; 102 (C);-1245.73;-939.64;-85.69;0.0;0.0;0.0;40.94;-2031.90
 3; 183; 102 (C);-1181.69;-943.06;-73.89;0.0;0.0;0.0;446.39;-2244.95
 3; 184; 102 (C);-1050.80;-921.86;-67.36;0.0;0.0;0.0;970.74;-2539.97
 3; 185; 102 (C);-730.49;-826.08;-56.26;0.0;0.0;0.0;1385.47;-2990.18
 3; 186; 102 (C);-422.61;-1086.63;-12.42;0.0;0.0;0.0;1301.89;-4120.86
 3; 187; 102 (C);76.28;-1055.98;-212.22;0.0;0.0;0.0;758.41;-6100.72
 3; 188; 102 (C);48.64;-1029.85;-320.96;0.0;0.0;0.0;10.80;-3382.76
 3; 189; 102 (C);37.11;-974.62;-168.63;0.0;0.0;0.0;-205.00;-2351.30
 3; 190; 102 (C);-36.97;-1222.21;66.34;0.0;0.0;0.0;-24.88;-2634.25
 3; 191; 102 (C);-2.02;-1321.03;81.34;0.0;0.0;0.0;-271.86;-2864.13
 3; 192; 102 (C);-90.85;-1375.05;27.25;0.0;0.0;0.0;-623.85;-3124.72
 3; 193; 102 (C);-279.90;-1312.75;-50.22;0.0;0.0;0.0;-954.84;-3029.18
 3; 194; 102 (C);-554.79;-1269.35;-90.92;0.0;0.0;0.0;-1145.90;-2741.46
 3; 195; 102 (C);-869.57;-1270.82;-93.15;0.0;0.0;0.0;-1127.71;-2430.24
 3; 196; 102 (C);-1090.21;-1260.99;-102.43;0.0;0.0;0.0;-917.65;-2278.96
 3; 197; 102 (C);-1228.35;-1251.86;-121.89;0.0;0.0;0.0;-646.85;-2208.96
 3; 198; 102 (C);-1305.33;-1291.36;-130.02;0.0;0.0;0.0;-372.84;-2212.59
 3; 199; 102 (C);-1304.57;-1348.45;-131.48;0.0;0.0;0.0;-133.96;-2293.60
 3; 200; 102 (C);-1273.09;-1412.86;-120.83;0.0;0.0;0.0;137.44;-2492.20
 3; 201; 102 (C);-1100.18;-1372.79;-87.56;0.0;0.0;0.0;459.67;-3016.73
 3; 202; 102 (C);-885.05;-1428.95;-137.86;0.0;0.0;0.0;901.93;-3595.64
 3; 203; 102 (C);-571.65;-1572.94;-228.31;0.0;0.0;0.0;1110.58;-3857.79
 3; 204; 102 (C);-256.65;-1717.00;-291.73;0.0;0.0;0.0;967.03;-3433.26
 3; 205; 102 (C);-42.20;-1628.03;-286.62;0.0;0.0;0.0;586.60;-2946.03
 3; 206; 102 (C);40.02;-1597.08;-169.77;0.0;0.0;0.0;219.49;-2377.33
 3; 207; 102 (C);-71.15;-1749.60;55.30;0.0;0.0;0.0;-178.96;-2493.61
 3; 208; 102 (C);-97.70;-1820.06;80.79;0.0;0.0;0.0;-404.55;-2615.63
 3; 209; 102 (C);-216.90;-1821.94;70.11;0.0;0.0;0.0;-663.84;-2697.44
 3; 210; 102 (C);-430.03;-1774.78;31.47;0.0;0.0;0.0;-881.61;-2728.47
 3; 211; 102 (C);-689.62;-1719.16;-11.56;0.0;0.0;0.0;-997.07;-2647.69
 3; 212; 102 (C);-945.29;-1676.71;-50.61;0.0;0.0;0.0;-976.79;-2560.50
 3; 213; 102 (C);-1203.44;-1690.80;-75.46;0.0;0.0;0.0;-848.19;-2497.26
 3; 214; 102 (C);-1346.35;-1683.33;-123.67;0.0;0.0;0.0;-638.50;-2460.53
 3; 215; 102 (C);-1395.78;-1685.76;-180.70;0.0;0.0;0.0;-415.55;-2435.03
 3; 216; 102 (C);-1407.63;-1777.29;-213.31;0.0;0.0;0.0;-252.60;-2451.91
 3; 217; 102 (C);-1259.52;-1828.20;-191.95;0.0;0.0;0.0;-286.68;-2557.29
 3; 218; 102 (C);-1243.96;-2040.80;-178.12;0.0;0.0;0.0;-167.47;-2847.03
 3; 219; 102 (C);-1161.98;-2075.33;-241.30;0.0;0.0;0.0;615.01;-5722.22
 3; 220; 102 (C);-806.66;-2290.97;-358.71;0.0;0.0;0.0;1525.95;-3216.69
 3; 221; 102 (C);-353.38;-2253.44;-332.68;0.0;0.0;0.0;1521.50;-2723.47
 3; 222; 102 (C);-111.65;-2185.20;-275.27;0.0;0.0;0.0;861.19;-2408.62
 3; 223; 102 (C);14.46;-2165.52;-158.58;0.0;0.0;0.0;413.10;-2084.48
 3; 224; 102 (C);-87.58;-2249.68;60.50;0.0;0.0;0.0;-248.13;-2276.67
 3; 225; 102 (C);-155.76;-2296.13;105.26;0.0;0.0;0.0;-494.03;-2342.86
 3; 226; 102 (C);-311.81;-2273.46;122.91;0.0;0.0;0.0;-729.45;-2448.14
 3; 227; 102 (C);-545.10;-2223.79;110.80;0.0;0.0;0.0;-906.13;-2534.95
 3; 228; 102 (C);-820.22;-2158.98;76.74;0.0;0.0;0.0;-988.75;-2598.00
 3; 229; 102 (C);-1091.38;-2096.55;20.67;0.0;0.0;0.0;-954.38;-2637.77
 3; 230; 102 (C);-1315.27;-2059.96;-53.33;0.0;0.0;0.0;-821.04;-2670.31
 3; 231; 102 (C);-1514.34;-2104.02;-123.15;0.0;0.0;0.0;-623.53;-2686.43
 3; 232; 102 (C);-1583.25;-2127.92;-221.93;0.0;0.0;0.0;-422.56;-2652.84
 3; 233; 102 (C);-1472.01;-2119.91;-290.96;0.0;0.0;0.0;-267.78;-2553.94
 3; 234; 102 (C);-1368.71;-2278.10;-360.07;0.0;0.0;0.0;-344.85;-2443.68
 3; 235; 102 (C);-1230.66;-2576.02;-452.61;0.0;0.0;0.0;-2195.34;-2242.39
 3; 236; 102 (C);-617.96;-2652.30;-395.82;0.0;0.0;0.0;3782.77;-2114.00
 3; 237; 102 (C);-433.58;-2732.73;-334.93;0.0;0.0;0.0;1621.88;-2001.43
 3; 238; 102 (C);-163.54;-2661.60;-272.74;0.0;0.0;0.0;1013.15;-1877.17
 3; 239; 102 (C);-10.35;-2658.53;-153.38;0.0;0.0;0.0;494.06;-1656.88
 3; 240; 102 (C);-90.36;-2715.79;79.37;0.0;0.0;0.0;-301.38;-1999.72
 3; 241; 102 (C);-188.35;-2745.18;144.26;0.0;0.0;0.0;-585.89;-2070.05
 3; 242; 102 (C);-376.80;-2714.53;187.32;0.0;0.0;0.0;-841.20;-2208.36
 3; 243; 102 (C);-641.88;-2661.47;198.00;0.0;0.0;0.0;-1022.38;-2377.48
 3; 244; 102 (C);-947.60;-2589.83;172.11;0.0;0.0;0.0;-1096.97;-2561.23
 3; 245; 102 (C);-1255.93;-2516.35;106.23;0.0;0.0;0.0;-1042.48;-2736.29
 3; 246; 102 (C);-1513.82;-2461.51;-1.69;0.0;0.0;0.0;-863.60;-2869.69
 3; 247; 102 (C);-1684.17;-2443.63;-139.69;0.0;0.0;0.0;-603.55;-2933.22
 3; 248; 102 (C);-1799.18;-2543.14;-264.43;0.0;0.0;0.0;-349.74;-2900.96
 3; 249; 102 (C);-1671.55;-2511.46;-406.75;0.0;0.0;0.0;-103.86;-2682.99
 3; 250; 102 (C);-1604.70;-2700.92;-542.57;0.0;0.0;0.0;16.07;-2374.66
 3; 251; 102 (C);-1517.26;-2933.86;-621.69;0.0;0.0;0.0;58.26;-1667.70
 3; 252; 102 (C);-1315.71;-2850.39;-570.75;0.0;0.0;0.0;719.26;841.85
 3; 253; 102 (C);-1037.09;-3153.34;-410.99;0.0;0.0;0.0;1394.69;-1232.83
 3; 254; 102 (C);-475.50;-3076.90;-355.35;0.0;0.0;0.0;1640.98;-1350.06
 3; 255; 102 (C);-200.90;-3052.17;-281.04;0.0;0.0;0.0;974.90;-1356.18
 3; 256; 102 (C);-32.44;-3062.36;-158.63;0.0;0.0;0.0;520.89;-1191.16
 3; 257; 102 (C);-81.23;-3140.55;99.45;0.0;0.0;0.0;-357.15;-1669.93
 3; 258; 102 (C);-198.14;-3162.80;185.44;0.0;0.0;0.0;-701.98;-1753.13
 3; 259; 102 (C);-413.68;-3138.67;253.85;0.0;0.0;0.0;-1014.37;-1936.69
 3; 260; 102 (C);-717.13;-3090.72;289.90;0.0;0.0;0.0;-1240.57;-2201.17
 3; 261; 102 (C);-1075.01;-3018.84;278.21;0.0;0.0;0.0;-1333.09;-2528.79
 3; 262; 102 (C);-1440.09;-2936.32;204.39;0.0;0.0;0.0;-1254.23;-2868.92
 3; 263; 102 (C);-1754.84;-2868.17;66.61;0.0;0.0;0.0;-1001.50;-3148.02
 3; 264; 102 (C);-1956.51;-2837.37;-124.39;0.0;0.0;0.0;-621.13;-3288.32
 3; 265; 102 (C);-2022.55;-2853.10;-332.79;0.0;0.0;0.0;-180.66;-3250.71
 3; 266; 102 (C);-1961.45;-2931.81;-523.35;0.0;0.0;0.0;219.42;-2954.82
 3; 267; 102 (C);-1786.49;-3035.88;-669.30;0.0;0.0;0.0;529.24;-2443.74
 3; 268; 102 (C);-1537.96;-3122.03;-726.98;0.0;0.0;0.0;820.02;-1782.37
 3; 269; 102 (C);-1234.12;-3178.19;-675.72;0.0;0.0;0.0;1132.88;-1091.57
 3; 270; 102 (C);-875.20;-3251.00;-542.17;0.0;0.0;0.0;1324.96;-648.62
 3; 271; 102 (C);-519.83;-3360.06;-421.32;0.0;0.0;0.0;1257.42;-896.78
 3; 272; 102 (C);-213.03;-3364.14;-306.49;0.0;0.0;0.0;932.32;-872.29
 3; 273; 102 (C);-53.82;-3389.47;-176.93;0.0;0.0;0.0;529.41;-714.63
 3; 274; 102 (C);-59.21;-3509.89;108.43;0.0;0.0;0.0;-416.32;-1279.81
 3; 275; 102 (C);-181.01;-3538.58;212.34;0.0;0.0;0.0;-844.62;-1359.67
 3; 276; 102 (C);-414.43;-3537.72;309.36;0.0;0.0;0.0;-1259.54;-1576.86
 3; 277; 102 (C);-762.03;-3512.05;378.41;0.0;0.0;0.0;-1586.21;-1955.43
 3; 278; 102 (C);-1192.74;-3452.43;391.48;0.0;0.0;0.0;-1738.26;-2473.56
 3; 279; 102 (C);-1647.78;-3369.56;317.88;0.0;0.0;0.0;-1640.78;-3055.57
 3; 280; 102 (C);-2044.25;-3291.19;149.49;0.0;0.0;0.0;-1273.08;-3559.62
 3; 281; 102 (C);-2303.97;-3250.19;-94.71;0.0;0.0;0.0;-687.92;-3843.51
 3; 282; 102 (C);-2374.27;-3256.71;-367.60;0.0;0.0;0.0;-5.15;-3793.23
 3; 283; 102 (C);-2253.46;-3321.07;-611.59;0.0;0.0;0.0;634.10;-3402.78
 3; 284; 102 (C);-1983.38;-3395.95;-774.22;0.0;0.0;0.0;1128.54;-2732.84
 3; 285; 102 (C);-1619.45;-3459.80;-830.88;0.0;0.0;0.0;1444.18;-1934.38
 3; 286; 102 (C);-1212.50;-3522.14;-776.95;0.0;0.0;0.0;1577.94;-1215.75
 3; 287; 102 (C);-809.26;-3575.53;-649.60;0.0;0.0;0.0;1523.38;-752.15
 3; 288; 102 (C);-459.63;-3607.60;-490.41;0.0;0.0;0.0;1282.82;-505.58
 3; 289; 102 (C);-198.03;-3614.83;-335.10;0.0;0.0;0.0;906.64;-412.30
 3; 290; 102 (C);-78.96;-3644.10;-175.60;0.0;0.0;0.0;473.03;-240.72
 3; 291; 102 (C);-22.10;-3800.60;93.95;0.0;0.0;0.0;-459.47;-835.28
 3; 292; 102 (C);-127.27;-3856.40;206.84;0.0;0.0;0.0;-990.52;-833.52
 3; 293; 102 (C);-363.55;-3895.20;334.44;0.0;0.0;0.0;-1575.88;-1071.80
 3; 294; 102 (C);-759.39;-3921.44;452.86;0.0;0.0;0.0;-2098.07;-1530.39
 3; 295; 102 (C);-1285.88;-3890.55;499.71;0.0;0.0;0.0;-2390.73;-2356.57
 3; 296; 102 (C);-1872.44;-3835.82;439.05;0.0;0.0;0.0;-2301.87;-3301.73
 3; 297; 102 (C);-2395.42;-3764.97;246.25;0.0;0.0;0.0;-1765.57;-4187.25
 3; 298; 102 (C);-2733.63;-3717.70;-51.82;0.0;0.0;0.0;-856.59;-4727.51
 3; 299; 102 (C);-2806.54;-3724.70;-399.18;0.0;0.0;0.0;224.70;-4722.36
 3; 300; 102 (C);-2608.01;-3776.27;-689.35;0.0;0.0;0.0;1212.37;-4116.49
 3; 301; 102 (C);-2204.99;-3821.71;-877.26;0.0;0.0;0.0;1901.72;-3142.60
 3; 302; 102 (C);-1699.57;-3842.91;-927.40;0.0;0.0;0.0;2221.30;-2078.29
 3; 303; 102 (C);-1177.04;-3859.10;-864.19;0.0;0.0;0.0;2199.96;-1147.40
 3; 304; 102 (C);-713.08;-3859.97;-714.39;0.0;0.0;0.0;1912.38;-439.01
 3; 305; 102 (C);-356.28;-3841.21;-524.69;0.0;0.0;0.0;1451.69;-67.22
 3; 306; 102 (C);-124.44;-3807.33;-335.00;0.0;0.0;0.0;931.15;102.01
 3; 307; 102 (C);-20.29;-3792.22;-155.16;0.0;0.0;0.0;432.44;201.54
 3; 308; 102 (C);24.45;-3982.25;49.77;0.0;0.0;0.0;-402.76;-411.11
 3; 309; 102 (C);-24.72;-4073.82;148.45;0.0;0.0;0.0;-1081.66;-102.62
 3; 310; 102 (C);-245.13;-4232.10;321.62;0.0;0.0;0.0;-1925.91;-82.51
 3; 311; 102 (C);-668.58;-4232.27;492.08;0.0;0.0;0.0;-2816.99;-1003.65
 3; 312; 102 (C);-1347.52;-4315.62;568.48;0.0;0.0;0.0;-3436.86;-2053.69
 3; 313; 102 (C);-2099.72;-4363.63;536.78;0.0;0.0;0.0;-3409.67;-3586.99
 3; 314; 102 (C);-2795.11;-4324.64;358.00;0.0;0.0;0.0;-2657.81;-5173.55
 3; 315; 102 (C);-3266.03;-4286.04;-0.91;0.0;0.0;0.0;-1215.77;-6445.27
 3; 316; 102 (C);-3350.58;-4336.65;-413.46;0.0;0.0;0.0;568.91;-6294.22
 3; 317; 102 (C);-3029.41;-4380.07;-773.02;0.0;0.0;0.0;2127.77;-4992.44
 3; 318; 102 (C);-2456.04;-4374.19;-935.33;0.0;0.0;0.0;3037.40;-3362.34
 3; 319; 102 (C);-1760.97;-4255.48;-965.64;0.0;0.0;0.0;3300.19;-2149.12
 3; 320; 102 (C);-1113.96;-4157.61;-900.58;0.0;0.0;0.0;3081.98;-898.03
 3; 321; 102 (C);-564.06;-4101.18;-742.04;0.0;0.0;0.0;2468.41;284.14
 3; 322; 102 (C);-201.20;-4053.71;-500.08;0.0;0.0;0.0;1675.55;767.26
 3; 323; 102 (C);-3.58;-3892.12;-284.10;0.0;0.0;0.0;900.09;635.42
 3; 324; 102 (C);38.88;-3840.99;-114.67;0.0;0.0;0.0;332.87;592.22
 3; 325; 102 (C);35.63;-4041.40;-1.20;0.0;0.0;0.0;-62.08;-227.08
 3; 326; 102 (C);168.13;-4139.73;11.64;0.0;0.0;0.0;-842.04;855.63
 3; 327; 102 (C);22.89;-4413.00;284.27;0.0;0.0;0.0;-3450.33;3135.98
 3; 328; 102 (C);-650.64;-4519.10;511.50;0.0;0.0;0.0;-4147.91;311.09
 3; 329; 102 (C);-1345.45;-4663.98;540.06;0.0;0.0;0.0;-4920.70;-1702.20
 3; 330; 102 (C);-2234.76;-4973.76;601.99;0.0;0.0;0.0;-5449.28;-3534.97
 3; 331; 102 (C);-3311.15;-5025.30;433.22;0.0;0.0;0.0;-4384.43;-8836.70
 3; 332; 102 (C);-4108.19;-5501.10;-13.68;0.0;0.0;0.0;-1823.43;-8225.22
 3; 333; 102 (C);-4109.51;-5341.69;-384.50;0.0;0.0;0.0;1898.14;-9182.77
 3; 334; 102 (C);-3309.98;-5099.72;-886.51;0.0;0.0;0.0;5268.47;-7336.25
 3; 335; 102 (C);-2357.84;-4742.62;-977.84;0.0;0.0;0.0;4846.00;-4079.66
 3; 336; 102 (C);-1836.76;-4728.27;-890.99;0.0;0.0;0.0;4546.48;-1913.28
 3; 337; 102 (C);-1082.39;-4379.74;-828.04;0.0;0.0;0.0;4471.97;-620.48
 3; 338; 102 (C);-310.17;-4146.70;-722.48;0.0;0.0;0.0;3328.81;1010.66
 3; 339; 102 (C);60.61;-4144.99;-295.89;0.0;0.0;0.0;619.84;3793.73
 3; 340; 102 (C);109.03;-3912.96;-164.78;0.0;0.0;0.0;419.11;1565.69
 3; 341; 102 (C);75.45;-3768.68;-71.80;0.0;0.0;0.0;65.73;594.70
 3; 342; 102 (C);-21.09;-4103.47;-11.85;0.0;0.0;0.0;478.81;-352.01
 3; 343; 102 (C);35.75;-3951.03;-84.89;0.0;0.0;0.0;3212.98;119.08
 3; 344; 102 (C);-248.37;-4247.49;324.05;0.0;0.0;0.0;-4813.87;0.28
 3; 345; 102 (C);-1359.76;-5020.56;298.20;0.0;0.0;0.0;-6901.63;-1294.47
 3; 346; 102 (C);-2283.44;-5664.63;314.66;0.0;0.0;0.0;-9487.24;-2588.95
 3; 347; 102 (C);-3014.81;-5766.01;-726.95;0.0;0.0;0.0;5678.84;-3175.53
 3; 348; 102 (C);-1786.85;-5091.50;-640.21;0.0;0.0;0.0;6266.47;-1279.79
 3; 349; 102 (C);-1069.26;-4563.11;-576.28;0.0;0.0;0.0;5772.96;-442.17
 3; 350; 102 (C);-364.13;-4005.78;-530.36;0.0;0.0;0.0;8528.03;630.54
 3; 351; 102 (C);297.46;-3560.36;-118.05;0.0;0.0;0.0;258.99;775.90
 3; 352; 102 (C);-10.20;-3766.76;-80.90;0.0;0.0;0.0;-668.30;283.31
 3; 353; 102 (C);2.56;-4176.99;26.37;0.0;0.0;0.0;265.37;-555.66
 3; 354; 102 (C);-124.37;-4107.94;99.69;0.0;0.0;0.0;2933.40;-682.88
 3; 355; 102 (C);-504.73;-4573.81;-184.11;0.0;0.0;0.0;-9386.29;-1342.13
 3; 356; 102 (C);-1271.82;-5250.73;-131.67;0.0;0.0;0.0;-7583.43;-718.76
 3; 357; 102 (C);-2763.33;-6214.72;-94.43;0.0;0.0;0.0;-9059.13;-848.38
 3; 358; 102 (C);-2873.21;-6104.74;-306.67;0.0;0.0;0.0;9324.79;-990.03
 3; 359; 102 (C);-1749.78;-5321.51;-251.51;0.0;0.0;0.0;6755.01;-255.80
 3; 360; 102 (C);-1002.85;-4690.68;-188.27;0.0;0.0;0.0;6256.83;-272.84
 3; 361; 102 (C);-9.02;-3978.61;-51.03;0.0;0.0;0.0;4315.57;-998.60
 3; 362; 102 (C);-100.91;-3761.34;-256.33;0.0;0.0;0.0;-3188.35;-729.27
 3; 363; 102 (C);11.56;-3815.26;-117.57;0.0;0.0;0.0;-335.07;-19.10
 3; 364; 102 (C);76.12;-4266.10;4.56;0.0;0.0;0.0;-203.56;-625.58
 3; 365; 102 (C);123.31;-4398.92;-11.31;0.0;0.0;0.0;-722.71;-1219.25
 3; 366; 102 (C);90.97;-4789.14;-141.26;0.0;0.0;0.0;-2546.62;-4499.27
 3; 367; 102 (C);-405.51;-4886.83;-475.57;0.0;0.0;0.0;-4560.18;-1246.68
 3; 368; 102 (C);-1263.68;-5307.10;-518.46;0.0;0.0;0.0;-6582.63;140.68
 3; 369; 102 (C);-2601.11;-6106.94;-479.96;0.0;0.0;0.0;-9486.83;1187.97
 3; 370; 102 (C);-3013.57;-6198.92;93.81;0.0;0.0;0.0;8363.26;1616.24
 3; 371; 102 (C);-1623.27;-5267.48;157.80;0.0;0.0;0.0;6667.68;904.08
 3; 372; 102 (C);-919.05;-4732.65;165.56;0.0;0.0;0.0;5072.06;123.97
 3; 373; 102 (C);-393.40;-4504.19;190.83;0.0;0.0;0.0;4006.05;-1303.61
 3; 374; 102 (C);170.68;-4281.63;-3.76;0.0;0.0;0.0;3462.05;-3869.04
 3; 375; 102 (C);203.44;-3978.47;-156.77;0.0;0.0;0.0;610.09;-824.38
 3; 376; 102 (C);72.60;-3902.10;-99.39;0.0;0.0;0.0;71.01;-130.62
 3; 377; 102 (C);48.94;-4348.49;-64.41;0.0;0.0;0.0;-505.98;-352.84
 3; 378; 102 (C);18.16;-4443.94;-212.21;0.0;0.0;0.0;-1325.13;-442.65
 3; 379; 102 (C);-210.32;-4694.18;-397.24;0.0;0.0;0.0;-2443.92;-558.84
 3; 380; 102 (C);-655.79;-4870.82;-618.15;0.0;0.0;0.0;-3740.10;-8.48
 3; 381; 102 (C);-1382.89;-5123.17;-761.11;0.0;0.0;0.0;-4940.13;1310.90
 3; 382; 102 (C);-1998.57;-5254.70;-900.72;0.0;0.0;0.0;-6320.16;3181.31
 3; 383; 102 (C);-3261.01;-5453.92;-959.11;0.0;0.0;0.0;-5931.71;9735.97
 3; 384; 102 (C);-4302.70;-5625.29;-382.87;0.0;0.0;0.0;-3155.45;10581.22
 3; 385; 102 (C);-2470.84;-5499.92;513.33;0.0;0.0;0.0;8743.81;3565.94
 3; 386; 102 (C);-1651.81;-4991.25;464.72;0.0;0.0;0.0;5231.74;1910.76
 3; 387; 102 (C);-984.29;-4658.28;386.28;0.0;0.0;0.0;4184.10;855.83
 3; 388; 102 (C);-428.25;-4410.03;293.30;0.0;0.0;0.0;3101.33;120.92
 3; 389; 102 (C);-91.75;-4278.77;143.40;0.0;0.0;0.0;2023.58;-500.85
 3; 390; 102 (C);56.04;-4079.47;20.45;0.0;0.0;0.0;1074.38;-403.30
 3; 391; 102 (C);48.19;-3972.38;-23.22;0.0;0.0;0.0;377.52;61.43
 3; 392; 102 (C);-12.81;-4276.78;-141.64;0.0;0.0;0.0;-587.23;171.58
 3; 393; 102 (C);-96.32;-4317.62;-324.37;0.0;0.0;0.0;-1293.04;342.52
 3; 394; 102 (C);-351.72;-4425.66;-509.57;0.0;0.0;0.0;-2102.96;639.56
 3; 395; 102 (C);-781.83;-4546.36;-690.06;0.0;0.0;0.0;-2945.30;1198.21
 3; 396; 102 (C);-1403.23;-4664.29;-823.43;0.0;0.0;0.0;-3683.12;2243.93
 3; 397; 102 (C);-2256.07;-4792.79;-854.40;0.0;0.0;0.0;-3940.89;3687.30
 3; 398; 102 (C);-3043.88;-4854.50;-745.19;0.0;0.0;0.0;-3237.01;5841.24
 3; 399; 102 (C);-3379.09;-4582.67;-462.44;0.0;0.0;0.0;-1858.68;7634.30
 3; 400; 102 (C);-3974.20;-5170.48;-7.95;0.0;0.0;0.0;752.31;8468.33
 3; 401; 102 (C);-3321.24;-4620.15;420.36;0.0;0.0;0.0;3035.88;8655.70
 3; 402; 102 (C);-2416.79;-4597.28;660.35;0.0;0.0;0.0;4089.64;4387.40
 3; 403; 102 (C);-1697.50;-4516.04;577.81;0.0;0.0;0.0;3849.48;2665.49
 3; 404; 102 (C);-1055.89;-4352.33;505.57;0.0;0.0;0.0;3274.13;1635.54
 3; 405; 102 (C);-561.77;-4207.86;390.42;0.0;0.0;0.0;2557.22;918.54
 3; 406; 102 (C);-228.93;-4078.59;257.92;0.0;0.0;0.0;1794.33;566.38
 3; 407; 102 (C);-51.93;-3972.61;135.93;0.0;0.0;0.0;1079.55;421.89
 3; 408; 102 (C);12.17;-3904.01;53.50;0.0;0.0;0.0;484.03;509.89
 3; 409; 102 (C);-77.10;-4048.55;-186.55;0.0;0.0;0.0;-545.36;747.08
 3; 410; 102 (C);-163.22;-4013.43;-378.10;0.0;0.0;0.0;-1136.78;1036.54
 3; 411; 102 (C);-441.86;-4063.23;-543.02;0.0;0.0;0.0;-1716.29;1364.14
 3; 412; 102 (C);-848.99;-4100.83;-690.18;0.0;0.0;0.0;-2256.12;1910.79
 3; 413; 102 (C);-1399.63;-4106.84;-785.08;0.0;0.0;0.0;-2606.04;2724.95
 3; 414; 102 (C);-2023.42;-4061.80;-785.86;0.0;0.0;0.0;-2567.21;3861.32
 3; 415; 102 (C);-2620.47;-3987.70;-619.81;0.0;0.0;0.0;-2006.12;5060.55
 3; 416; 102 (C);-3053.31;-3950.03;-357.03;0.0;0.0;0.0;-743.01;5866.59
 3; 417; 102 (C);-3052.79;-3757.89;27.45;0.0;0.0;0.0;671.33;6305.60
 3; 418; 102 (C);-2782.52;-3852.45;365.40;0.0;0.0;0.0;1792.08;5304.73
 3; 419; 102 (C);-2247.28;-3957.04;533.51;0.0;0.0;0.0;2555.16;4120.48
 3; 420; 102 (C);-1638.95;-3947.04;569.91;0.0;0.0;0.0;2725.41;3003.95
 3; 421; 102 (C);-1088.75;-3909.63;525.69;0.0;0.0;0.0;2500.94;2168.06
 3; 422; 102 (C);-640.38;-3850.47;432.24;0.0;0.0;0.0;2059.33;1587.16
 3; 423; 102 (C);-317.54;-3785.88;318.63;0.0;0.0;0.0;1525.71;1222.32
 3; 424; 102 (C);-120.78;-3730.82;205.51;0.0;0.0;0.0;976.60;1039.44
 3; 425; 102 (C);-28.15;-3694.21;100.06;0.0;0.0;0.0;466.03;994.21
 3; 426; 102 (C);-126.80;-3684.52;-210.28;0.0;0.0;0.0;-483.65;1267.96
 3; 427; 102 (C);-202.05;-3613.92;-379.13;0.0;0.0;0.0;-946.35;1568.12
 3; 428; 102 (C);-474.79;-3618.41;-520.22;0.0;0.0;0.0;-1369.52;1883.76
 3; 429; 102 (C);-849.36;-3595.90;-626.95;0.0;0.0;0.0;-1713.49;2329.17
 3; 430; 102 (C);-1315.03;-3535.93;-678.21;0.0;0.0;0.0;-1874.09;2925.78
 3; 431; 102 (C);-1817.75;-3444.61;-642.30;0.0;0.0;0.0;-1753.19;3630.87
 3; 432; 102 (C);-2272.78;-3331.88;-509.21;0.0;0.0;0.0;-1269.53;4311.88
 3; 433; 102 (C);-2555.63;-3249.50;-270.24;0.0;0.0;0.0;-511.00;4797.62
 3; 434; 102 (C);-2590.66;-3207.23;12.15;0.0;0.0;0.0;386.97;4754.46
 3; 435; 102 (C);-2385.44;-3248.81;265.47;0.0;0.0;0.0;1203.61;4406.99
 3; 436; 102 (C);-2010.21;-3327.32;436.16;0.0;0.0;0.0;1737.73;3768.03
 3; 437; 102 (C);-1536.68;-3382.09;497.12;0.0;0.0;0.0;1966.23;3078.24
 3; 438; 102 (C);-1070.22;-3412.87;483.58;0.0;0.0;0.0;1905.77;2482.77
 3; 439; 102 (C);-668.66;-3418.85;420.48;0.0;0.0;0.0;1644.15;2031.51
 3; 440; 102 (C);-360.89;-3407.29;331.78;0.0;0.0;0.0;1268.59;1720.41
 3; 441; 102 (C);-159.80;-3392.78;229.86;0.0;0.0;0.0;841.39;1525.41
 3; 442; 102 (C);-57.82;-3366.68;119.89;0.0;0.0;0.0;414.17;1443.99
 3; 443; 102 (C);-32.10;-3200.85;-202.91;0.0;0.0;0.0;-453.42;1719.24
 3; 444; 102 (C);-190.14;-3146.46;-345.96;0.0;0.0;0.0;-773.80;1988.98
 3; 445; 102 (C);-456.99;-3127.82;-457.85;0.0;0.0;0.0;-1097.53;2257.90
 3; 446; 102 (C);-795.24;-3073.40;-527.29;0.0;0.0;0.0;-1334.32;2588.56
 3; 447; 102 (C);-1195.26;-2985.51;-544.68;0.0;0.0;0.0;-1413.10;2977.30
 3; 448; 102 (C);-1611.28;-2874.03;-499.78;0.0;0.0;0.0;-1279.23;3392.88
 3; 449; 102 (C);-1975.27;-2762.59;-379.70;0.0;0.0;0.0;-894.23;3766.16
 3; 450; 102 (C);-2138.62;-2620.86;-177.26;0.0;0.0;0.0;-319.63;3931.03
 3; 451; 102 (C);-2280.41;-2755.71;40.89;0.0;0.0;0.0;330.76;4058.00
 3; 452; 102 (C);-2062.68;-2696.03;195.31;0.0;0.0;0.0;872.63;3785.14
 3; 453; 102 (C);-1780.98;-2763.14;328.26;0.0;0.0;0.0;1263.74;3435.81
 3; 454; 102 (C);-1407.19;-2838.80;396.93;0.0;0.0;0.0;1485.00;3029.26
 3; 455; 102 (C);-1009.61;-2903.97;403.93;0.0;0.0;0.0;1493.77;2651.92
 3; 456; 102 (C);-650.91;-2948.97;370.24;0.0;0.0;0.0;1331.39;2340.89
 3; 457; 102 (C);-363.65;-2971.70;308.73;0.0;0.0;0.0;1053.78;2101.35
 3; 458; 102 (C);-171.92;-2981.18;224.38;0.0;0.0;0.0;711.22;1925.44
 3; 459; 102 (C);-76.24;-2951.49;120.92;0.0;0.0;0.0;355.17;1834.39
 3; 460; 102 (C);-11.16;-2677.03;-170.08;0.0;0.0;0.0;-352.49;2089.93
 3; 461; 102 (C);-167.34;-2636.23;-300.25;0.0;0.0;0.0;-636.53;2333.03
 3; 462; 102 (C);-401.02;-2615.37;-377.25;0.0;0.0;0.0;-904.37;2556.60
 3; 463; 102 (C);-702.40;-2548.16;-411.50;0.0;0.0;0.0;-1100.56;2773.77
 3; 464; 102 (C);-1061.72;-2450.56;-407.80;0.0;0.0;0.0;-1158.60;2982.69
 3; 465; 102 (C);-1432.90;-2335.54;-360.23;0.0;0.0;0.0;-1022.83;3178.72
 3; 466; 102 (C);-1699.27;-2192.19;-248.67;0.0;0.0;0.0;-705.66;3321.75
 3; 467; 102 (C);-1845.75;-2107.31;-114.57;0.0;0.0;0.0;-243.75;3404.55
 3; 468; 102 (C);-1975.70;-2210.96;21.32;0.0;0.0;0.0;254.86;3469.40
 3; 469; 102 (C);-1859.10;-2253.12;160.54;0.0;0.0;0.0;681.53;3352.20
 3; 470; 102 (C);-1569.07;-2251.36;232.95;0.0;0.0;0.0;1025.97;3138.49
 3; 471; 102 (C);-1265.83;-2320.46;287.44;0.0;0.0;0.0;1208.31;2935.51
 3; 472; 102 (C);-921.44;-2396.76;307.36;0.0;0.0;0.0;1246.63;2747.49
 3; 473; 102 (C);-593.30;-2460.07;297.26;0.0;0.0;0.0;1125.67;2576.90
 3; 474; 102 (C);-328.67;-2500.95;265.27;0.0;0.0;0.0;892.53;2418.09
 3; 475; 102 (C);-157.44;-2516.05;204.96;0.0;0.0;0.0;596.12;2264.76
 3; 476; 102 (C);-82.33;-2470.24;114.65;0.0;0.0;0.0;293.50;2164.95
 3; 477; 102 (C);13.33;-2116.89;-153.20;0.0;0.0;0.0;-259.60;2373.51
 3; 478; 102 (C);-107.02;-2094.85;-258.31;0.0;0.0;0.0;-507.89;2649.33
 3; 479; 102 (C);-305.05;-2097.08;-297.75;0.0;0.0;0.0;-777.51;2840.30
 3; 480; 102 (C);-583.84;-2019.73;-292.32;0.0;0.0;0.0;-999.64;2969.44
 3; 481; 102 (C);-933.14;-1917.83;-270.80;0.0;0.0;0.0;-1073.67;2975.22
 3; 482; 102 (C);-1246.66;-1779.50;-218.82;0.0;0.0;0.0;-948.00;2953.09
 3; 483; 102 (C);-1495.03;-1690.98;-151.43;0.0;0.0;0.0;-662.00;2962.87
 3; 484; 102 (C);-1699.35;-1712.38;-95.63;0.0;0.0;0.0;-290.05;2992.19
 3; 485; 102 (C);-1710.61;-1682.48;-2.94;0.0;0.0;0.0;141.54;2981.62
 3; 486; 102 (C);-1643.58;-1752.58;102.13;0.0;0.0;0.0;577.59;2946.32
 3; 487; 102 (C);-1446.16;-1809.40;168.09;0.0;0.0;0.0;918.08;2879.41
 3; 488; 102 (C);-1119.97;-1827.83;184.70;0.0;0.0;0.0;1116.47;2822.74
 3; 489; 102 (C);-809.36;-1892.24;201.67;0.0;0.0;0.0;1151.89;2812.61
 3; 490; 102 (C);-501.55;-1959.60;213.50;0.0;0.0;0.0;1028.42;2810.85
 3; 491; 102 (C);-253.59;-2012.02;216.32;0.0;0.0;0.0;781.04;2716.70
 3; 492; 102 (C);-112.28;-2009.93;186.26;0.0;0.0;0.0;481.98;2586.74
 3; 493; 102 (C);-73.38;-1939.35;114.37;0.0;0.0;0.0;214.42;2424.48
 3; 494; 102 (C);45.01;-1517.72;-147.72;0.0;0.0;0.0;-100.88;2533.60
 3; 495; 102 (C);-16.76;-1530.04;-241.83;0.0;0.0;0.0;-345.97;3017.17
 3; 496; 102 (C);-170.12;-1589.81;-227.13;0.0;0.0;0.0;-690.82;3314.49
 3; 497; 102 (C);-431.00;-1460.07;-171.60;0.0;0.0;0.0;-1044.41;3207.15
 3; 498; 102 (C);-781.15;-1345.89;-134.54;0.0;0.0;0.0;-1198.02;2917.17
 3; 499; 102 (C);-1110.33;-1274.76;-113.28;0.0;0.0;0.0;-1050.92;2707.08
 3; 500; 102 (C);-1394.04;-1285.94;-104.16;0.0;0.0;0.0;-737.30;2620.68
 3; 501; 102 (C);-1528.00;-1267.16;-57.90;0.0;0.0;0.0;-336.50;2592.72
 3; 502; 102 (C);-1559.37;-1257.20;-0.63;0.0;0.0;0.0;92.00;2564.19
 3; 503; 102 (C);-1475.24;-1266.11;49.42;0.0;0.0;0.0;519.75;2548.82
 3; 504; 102 (C);-1309.04;-1326.38;95.60;0.0;0.0;0.0;906.52;2568.83
 3; 505; 102 (C);-1041.93;-1370.18;108.95;0.0;0.0;0.0;1185.47;2653.61
 3; 506; 102 (C);-677.23;-1392.13;97.88;0.0;0.0;0.0;1236.60;2894.79
 3; 507; 102 (C);-361.46;-1450.20;115.60;0.0;0.0;0.0;1046.38;3128.14
 3; 508; 102 (C);-138.96;-1523.00;163.57;0.0;0.0;0.0;703.50;3175.75
 3; 509; 102 (C);-25.81;-1477.09;182.87;0.0;0.0;0.0;326.24;2864.00
 3; 510; 102 (C);-44.60;-1374.74;123.92;0.0;0.0;0.0;50.67;2596.55
 3; 511; 102 (C);46.33;-897.14;-141.63;0.0;0.0;0.0;284.25;2408.43
 3; 512; 102 (C);88.02;-946.37;-273.99;0.0;0.0;0.0;87.55;3358.22
 3; 513; 102 (C);141.57;-992.12;-158.11;0.0;0.0;0.0;-691.17;5984.12
 3; 514; 102 (C);-340.81;-1023.33;27.60;0.0;0.0;0.0;-1394.97;3809.97
 3; 515; 102 (C);-679.26;-778.77;-43.10;0.0;0.0;0.0;-1629.12;2667.45
 3; 516; 102 (C);-1053.87;-851.43;-65.64;0.0;0.0;0.0;-1326.24;2348.72
 3; 517; 102 (C);-1272.62;-868.01;-61.70;0.0;0.0;0.0;-847.12;2236.21
 3; 518; 102 (C);-1408.24;-872.05;-34.70;0.0;0.0;0.0;-388.72;2177.30
 3; 519; 102 (C);-1447.55;-872.56;-0.22;0.0;0.0;0.0;66.30;2149.46
 3; 520; 102 (C);-1382.94;-871.54;30.89;0.0;0.0;0.0;514.09;2144.09
 3; 521; 102 (C);-1213.42;-869.80;45.99;0.0;0.0;0.0;961.09;2188.01
 3; 522; 102 (C);-959.49;-883.41;45.42;0.0;0.0;0.0;1398.31;2340.27
 3; 523; 102 (C);-596.81;-869.94;18.77;0.0;0.0;0.0;1647.26;2716.91
 3; 524; 102 (C);-194.73;-933.14;2.51;0.0;0.0;0.0;1180.44;4010.91
 3; 525; 102 (C);104.67;-881.21;136.90;0.0;0.0;0.0;528.02;5588.62
 3; 526; 102 (C);-6.76;-1024.06;233.89;0.0;0.0;0.0;-132.70;3515.98
 3; 527; 102 (C);17.44;-742.81;137.29;0.0;0.0;0.0;-266.62;2377.19
 3; 528; 102 (C);-29.84;-390.21;-101.70;0.0;0.0;0.0;860.10;1925.40
 3; 529; 102 (C);-39.04;-170.21;-246.09;0.0;0.0;0.0;4068.95;2392.73
 3; 530; 102 (C);-265.71;-83.07;97.64;0.0;0.0;0.0;-6043.08;2467.12
 3; 531; 102 (C);-669.67;-349.46;-23.75;0.0;0.0;0.0;-2518.83;2014.54
 3; 532; 102 (C);-972.71;-460.95;-60.82;0.0;0.0;0.0;-1538.14;1867.59
 3; 533; 102 (C);-1192.61;-517.56;-46.82;0.0;0.0;0.0;-949.33;1779.83
 3; 534; 102 (C);-1322.30;-541.97;-26.33;0.0;0.0;0.0;-434.19;1739.83
 3; 535; 102 (C);-1359.93;-548.29;0.41;0.0;0.0;0.0;47.90;1720.70
 3; 536; 102 (C);-1306.75;-540.04;24.89;0.0;0.0;0.0;525.58;1717.93
 3; 537; 102 (C);-1163.06;-514.02;39.60;0.0;0.0;0.0;1027.59;1741.50
 3; 538; 102 (C);-928.10;-461.81;37.39;0.0;0.0;0.0;1618.10;1839.70
 3; 539; 102 (C);-604.00;-376.33;-1.00;0.0;0.0;0.0;2707.08;2172.20
 3; 540; 102 (C);277.64;-32.93;-9.32;0.0;0.0;0.0;1457.82;3013.07
 3; 541; 102 (C);367.01;-158.39;199.43;0.0;0.0;0.0;-416.26;2696.47
 3; 542; 102 (C);68.06;-248.28;76.65;0.0;0.0;0.0;-996.47;1724.73
 3; 543; 102 (C);-18.77;-50.43;15.99;0.0;0.0;0.0;939.92;1139.07
 3; 544; 102 (C);52.64;201.64;86.96;0.0;0.0;0.0;4154.58;562.88
 3; 545; 102 (C);-148.90;281.13;-221.76;0.0;0.0;0.0;-6149.57;706.71
 3; 546; 102 (C);-598.10;-61.66;-111.44;0.0;0.0;0.0;-2611.49;1225.94
 3; 547; 102 (C);-904.75;-187.22;-75.23;0.0;0.0;0.0;-1624.51;1272.71
 3; 548; 102 (C);-1124.54;-256.62;-52.37;0.0;0.0;0.0;-982.80;1289.89
 3; 549; 102 (C);-1252.96;-289.27;-24.81;0.0;0.0;0.0;-456.25;1287.25
 3; 550; 102 (C);-1292.18;-298.22;1.18;0.0;0.0;0.0;34.47;1280.36
 3; 551; 102 (C);-1242.22;-287.33;26.05;0.0;0.0;0.0;522.09;1273.32
 3; 552; 102 (C);-1106.25;-251.64;49.71;0.0;0.0;0.0;1040.67;1264.20
 3; 553; 102 (C);-886.14;-180.23;70.97;0.0;0.0;0.0;1687.55;1241.04
 3; 554; 102 (C);-579.94;-47.45;95.42;0.0;0.0;0.0;2679.43;1192.91
 3; 555; 102 (C);-140.22;209.25;108.43;0.0;0.0;0.0;6395.29;1035.36
 3; 556; 102 (C);-45.59;159.52;-13.27;0.0;0.0;0.0;-4504.28;1229.54
 3; 557; 102 (C);15.03;7.74;-36.87;0.0;0.0;0.0;-928.55;938.15
 3; 558; 102 (C);61.52;95.81;78.73;0.0;0.0;0.0;552.59;443.56
 3; 559; 102 (C);241.68;101.31;131.58;0.0;0.0;0.0;559.49;-424.42
 3; 560; 102 (C);285.85;-81.79;-14.81;0.0;0.0;0.0;-624.15;-3844.13
 3; 561; 102 (C);-62.88;13.18;-197.18;0.0;0.0;0.0;-1787.04;-872.24
 3; 562; 102 (C);-481.53;45.13;-139.16;0.0;0.0;0.0;-1896.73;382.62
 3; 563; 102 (C);-834.82;-51.81;-94.79;0.0;0.0;0.0;-1480.55;703.05
 3; 564; 102 (C);-1063.60;-99.54;-51.68;0.0;0.0;0.0;-941.08;807.79
 3; 565; 102 (C);-1199.69;-121.97;-21.71;0.0;0.0;0.0;-450.68;837.54
 3; 566; 102 (C);-1241.84;-125.73;2.82;0.0;0.0;0.0;24.35;841.16
 3; 567; 102 (C);-1190.23;-114.50;26.50;0.0;0.0;0.0;496.80;831.30
 3; 568; 102 (C);-1047.23;-85.05;54.93;0.0;0.0;0.0;980.61;799.31
 3; 569; 102 (C);-814.72;-28.95;93.99;0.0;0.0;0.0;1492.02;701.31
 3; 570; 102 (C);-476.26;57.69;143.41;0.0;0.0;0.0;2053.68;378.94
 3; 571; 102 (C);79.43;139.07;178.60;0.0;0.0;0.0;1594.45;-657.42
 3; 572; 102 (C);297.28;-106.00;-42.28;0.0;0.0;0.0;55.92;-4006.34
 3; 573; 102 (C);218.10;129.92;-143.76;0.0;0.0;0.0;-582.66;-313.49
 3; 574; 102 (C);41.36;75.74;-82.99;0.0;0.0;0.0;-626.07;335.02
 3; 575; 102 (C);57.96;35.97;49.71;0.0;0.0;0.0;123.60;33.69
 3; 576; 102 (C);136.55;-7.55;74.19;0.0;0.0;0.0;-25.25;-470.39
 3; 577; 102 (C);145.19;-34.99;18.13;0.0;0.0;0.0;-447.69;-736.97
 3; 578; 102 (C);-14.64;68.37;-75.33;0.0;0.0;0.0;-1032.65;-404.03
 3; 579; 102 (C);-375.76;1.09;-107.17;0.0;0.0;0.0;-1371.86;-34.90
 3; 580; 102 (C);-732.10;-22.23;-70.47;0.0;0.0;0.0;-1275.65;281.39
 3; 581; 102 (C);-997.47;-36.75;-37.08;0.0;0.0;0.0;-922.50;392.03
 3; 582; 102 (C);-1159.60;-37.60;-13.85;0.0;0.0;0.0;-487.56;424.12
 3; 583; 102 (C);-1217.05;-30.35;1.68;0.0;0.0;0.0;-33.95;428.18
 3; 584; 102 (C);-1170.37;-17.03;16.80;0.0;0.0;0.0;418.87;417.98
 3; 585; 102 (C);-1020.27;2.60;37.37;0.0;0.0;0.0;852.33;386.69
 3; 586; 102 (C);-769.07;28.18;66.69;0.0;0.0;0.0;1224.01;296.62
 3; 587; 102 (C);-423.08;43.30;95.39;0.0;0.0;0.0;1364.12;36.40
 3; 588; 102 (C);-87.01;-13.66;81.82;0.0;0.0;0.0;1109.42;-582.26
 3; 589; 102 (C);119.31;-44.13;-6.23;0.0;0.0;0.0;542.66;-665.52
 3; 590; 102 (C);154.92;21.11;-71.23;0.0;0.0;0.0;72.59;-362.43
 3; 591; 102 (C);60.85;35.05;-47.17;0.0;0.0;0.0;-127.11;41.75
 3; 1209; 102 (C);1261.16;1086.60;-111.88;0.0;0.0;0.0;678.33;-1369.09
 3; 1218; 102 (C);1306.87;1129.22;-76.02;0.0;0.0;0.0;-707.59;1261.80
 3; 1221; 102 (C);1122.50;-3194.71;35.79;0.0;0.0;0.0;-2895.26;-343.80
 3; 1668; 102 (C);-1746.84;-3188.67;-424.89;0.0;0.0;0.0;811.55;-2401.78
 3; 1691; 102 (C);1401.70;1241.54;-55.68;0.0;0.0;0.0;-1062.76;-878.37
 3; 1720; 102 (C);1347.73;1185.49;33.12;0.0;0.0;0.0;1052.69;914.09
 3; 1775; 102 (C);-4773.44;-6992.72;-197.18;0.0;0.0;0.0;-6.33;5.79
 3; 1776; 102 (C);1249.86;-2748.02;-244.21;0.0;0.0;0.0;2882.39;-180.57
